term,code,building,room,days,start_min,end_min,start_date,end_date,status,fetched
2026 FALL - ALL,HRG,Harrington Hall,HRG205,MWF,545,595,09/02/2026,12/18/2026,FULL,2026-10-03
2026 FALL - ALL,HRG,Harrington Hall,HRG205,MWF,610,660,09/02/2026,12/18/2026,FULL,2026-10-03
2026 FALL - ALL,HRG,Harrington Hall,HRG001,MWF,610,660,09/02/2026,12/18/2026,OPEN,2026-10-03
2026 FALL - ALL,HRG,Harrington Hall,HRG205,MWF,675,725,09/02/2026,12/18/2026,FULL,2026-10-03
2026 FALL - ALL,HRG,Harrington Hall,HRG001,MWF,545,595,09/02/2026,12/18/2026,FULL,2026-10-03
2026 FALL - ALL,HRG,Harrington Hall,HRG205,TR,480,555,09/02/2026,12/18/2026,FULL,2026-10-03
2026 FALL - ALL,HRG,Harrington Hall,HRG001,MWF,480,530,09/02/2026,12/18/2026,OPEN,2026-10-03
2026 FALL - ALL,HRG,Harrington Hall,HRG205,MWF,480,530,09/02/2026,12/18/2026,OPEN,2026-10-03
2026 FALL - ALL,HRG,Harrington Hall,HRG205,T,840,1000,09/02/2026,12/18/2026,FULL,2026-10-03
2026 FALL - ALL,HRG,Harrington Hall,HRG206,MWF,545,595,09/02/2026,12/18/2026,OPEN,2026-10-03
2026 FALL - ALL,HRG,Harrington Hall,HRG206,MWF,610,660,09/02/2026,12/18/2026,OPEN,2026-10-03
2026 FALL - ALL,HRG,Harrington Hall,HRG001,TR,570,645,09/02/2026,12/18/2026,FULL,2026-10-03
2026 FALL - ALL,HRG,Harrington Hall,HRG001,TR,660,735,09/02/2026,12/18/2026,OPEN,2026-10-03
2026 FALL - ALL,HRG,Harrington Hall,HRG206,TR,480,555,09/02/2026,12/18/2026,OPEN,2026-10-03
2026 FALL - ALL,HRG,Harrington Hall,HRG201,W,1080,1240,09/02/2026,12/18/2026,OPEN,2026-10-03
2026 FALL - ALL,HRG,Harrington Hall,HRG201,TR,480,555,09/02/2026,12/18/2026,OPEN,2026-10-03
2026 FALL - ALL,HRG,Harrington Hall,HRG201,TR,570,645,09/02/2026,12/18/2026,FULL,2026-10-03
2026 FALL - ALL,HRG,Harrington Hall,HRG201,MWF,480,530,09/02/2026,12/18/2026,OPEN,2026-10-03
2026 FALL - ALL,HRT,Hart Hall,HRT312,MWF,610,660,09/02/2026,12/18/2026,FULL,2026-10-03
2026 FALL - ALL,HRT,Hart Hall,HRT212,MWF,675,725,09/02/2026,12/18/2026,OPEN,2026-10-03
2026 FALL - ALL,HRG,Harrington Hall,HRG201,T,1080,1240,09/02/2026,12/18/2026,FULL,2026-10-03
2026 FALL - ALL,HRG,Harrington Hall,HRG205,TR,750,825,09/02/2026,12/18/2026,FULL,2026-10-03
2026 FALL - ALL,HRG,Harrington Hall,HRG205,W,1080,1240,09/02/2026,12/18/2026,OPEN,2026-10-03
2026 FALL - ALL,HRG,Harrington Hall,HRG205,R,660,735,09/02/2026,12/18/2026,OPEN,2026-10-03
2026 FALL - ALL,HRG,Harrington Hall,HRG205,MW,740,815,09/02/2026,12/18/2026,OPEN,2026-10-03
2026 FALL - ALL,HRG,Harrington Hall,HRG205,M,830,990,09/02/2026,12/18/2026,FULL,2026-10-03
2026 FALL - ALL,HRG,Harrington Hall,HRG205,TR,570,645,09/02/2026,12/18/2026,FULL,2026-10-03
2026 FALL - ALL,HRG,Harrington Hall,HRG205,T,660,735,09/02/2026,12/18/2026,FULL,2026-10-03
2026 FALL - ALL,HRG,Harrington Hall,HRG206,TR,750,825,09/02/2026,12/18/2026,OPEN,2026-10-03
2026 FALL - ALL,HRG,Harrington Hall,HRG001,MWF,675,725,09/02/2026,12/18/2026,OPEN,2026-10-03
2026 FALL - ALL,HRG,Harrington Hall,HRG001,MW,740,815,09/02/2026,12/18/2026,FULL,2026-10-03
2026 FALL - ALL,HRG,Harrington Hall,HRG001,MW,830,905,09/02/2026,12/18/2026,FULL,2026-10-03
2026 FALL - ALL,HRG,Harrington Hall,HRG201,TR,660,735,09/02/2026,12/18/2026,OPEN,2026-10-03
2026 FALL - ALL,HRG,Harrington Hall,HRG201,TR,750,825,09/02/2026,12/18/2026,OPEN,2026-10-03
2026 FALL - ALL,HRG,Harrington Hall,HRG201,TR,840,915,09/02/2026,12/18/2026,OPEN,2026-10-03
2026 FALL - ALL,HRG,Harrington Hall,HRG205,R,1080,1240,09/02/2026,12/18/2026,OPEN,2026-10-03
2026 FALL - ALL,HRG,Harrington Hall,HRG205,R,840,915,09/02/2026,12/18/2026,OPEN,2026-10-03
2026 FALL - ALL,HRG,Harrington Hall,HRG006,R,660,735,09/02/2026,12/18/2026,FULL,2026-10-03
2026 FALL - ALL,HRG,Harrington Hall,HRG001,R,840,915,09/02/2026,12/18/2026,OPEN,2026-10-03
2026 FALL - ALL,HRG,Harrington Hall,HRG205,W,830,990,09/02/2026,12/18/2026,OPEN,2026-10-03
2026 FALL - ALL,HRG,Harrington Hall,HRG213,T,840,915,09/02/2026,12/18/2026,OPEN,2026-10-03
2026 FALL - ALL,HRG,Harrington Hall,HRG206,TR,840,915,09/02/2026,12/18/2026,OPEN,2026-10-03
2026 FALL - ALL,HRG,Harrington Hall,HRG001,M,1080,1240,09/02/2026,12/18/2026,OPEN,2026-10-03
2026 FALL - ALL,HRG,Harrington Hall,HRG001,T,750,825,09/02/2026,12/18/2026,FULL,2026-10-03
2026 FALL - ALL,HRG,Harrington Hall,HRG001,M,915,1035,09/02/2026,12/18/2026,FULL,2026-10-03
2026 FALL - ALL,HRG,Harrington Hall,HRG201,TR,660,735,09/02/2026,12/18/2026,OPEN,2026-10-03
2026 FALL - ALL,HRG,Harrington Hall,HRG205,R,840,915,09/02/2026,12/18/2026,OPEN,2026-10-03
2026 FALL - ALL,HRG,Harrington Hall,HRG205,R,1080,1240,09/02/2026,12/18/2026,OPEN,2026-10-03
2026 FALL - ALL,HRG,Harrington Hall,HRG006,R,660,735,09/02/2026,12/18/2026,FULL,2026-10-03
2026 FALL - ALL,HRG,Harrington Hall,HRG001,R,840,915,09/02/2026,12/18/2026,OPEN,2026-10-03
2026 FALL - ALL,HRG,Harrington Hall,HRG205,W,830,990,09/02/2026,12/18/2026,FULL,2026-10-03
2026 FALL - ALL,HRG,Harrington Hall,HRG213,T,840,915,09/02/2026,12/18/2026,OPEN,2026-10-03
2026 FALL - ALL,HRG,Harrington Hall,HRG206,TR,840,915,09/02/2026,12/18/2026,FULL,2026-10-03
2026 FALL - ALL,HRG,Harrington Hall,HRG001,T,750,825,09/02/2026,12/18/2026,OPEN,2026-10-03
2026 FALL - ALL,HRG,Harrington Hall,HRG001,M,915,1035,09/02/2026,12/18/2026,OPEN,2026-10-03
2026 FALL - ALL,HRG,Harrington Hall,HRG001,M,1080,1240,09/02/2026,12/18/2026,OPEN,2026-10-03
2026 FALL - ALL,LIB,Maxwell Library,LIB013A,R,840,915,09/02/2026,12/18/2026,FULL,2026-10-03
2026 FALL - ALL,MKC,Moakley Center,MKC318,TR,925,1000,09/02/2026,12/18/2026,OPEN,2026-10-03
2026 FALL - ALL,HRT,Hart Hall,HRT318,TR,480,555,09/02/2026,12/18/2026,OPEN,2026-10-03
2026 FALL - ALL,MKC,Moakley Center,MKC318,MWF,480,530,09/02/2026,12/18/2026,FULL,2026-10-03
2026 FALL - ALL,LIB,Maxwell Library,LIB203,MW,740,815,09/02/2026,12/18/2026,FULL,2026-10-03
2026 FALL - ALL,LIB,Maxwell Library,LIB203,MW,830,905,09/02/2026,12/18/2026,FULL,2026-10-03
2026 FALL - ALL,MKC,Moakley Center,MKC318,TR,480,555,09/02/2026,12/18/2026,FULL,2026-10-03
2026 FALL - ALL,MKC,Moakley Center,MKC130G,MWF,610,660,09/02/2026,12/18/2026,OPEN,2026-10-03
2026 FALL - ALL,MKC,Moakley Center,MKC130F,TR,570,645,09/02/2026,12/18/2026,OPEN,2026-10-03
2026 FALL - ALL,MKC,Moakley Center,MKC130F,TR,660,735,09/02/2026,12/18/2026,OPEN,2026-10-03
2026 FALL - ALL,MKC,Moakley Center,MKC312,MWF,610,660,09/02/2026,12/18/2026,OPEN,2026-10-03
2026 FALL - ALL,MKC,Moakley Center,MKC312,MW,830,905,09/02/2026,12/18/2026,OPEN,2026-10-03
2026 FALL - ALL,MKC,Moakley Center,MKC318,MW,740,815,09/02/2026,12/18/2026,FULL,2026-10-03
2026 FALL - ALL,MKC,Moakley Center,MKC131,TR,750,825,09/02/2026,12/18/2026,FULL,2026-10-03
2026 FALL - ALL,MKC,Moakley Center,MKC130F,MWF,675,725,09/02/2026,12/18/2026,OPEN,2026-10-03
2026 FALL - ALL,MKC,Moakley Center,MKC312,TR,660,735,09/02/2026,12/18/2026,OPEN,2026-10-03
2026 FALL - ALL,MKC,Moakley Center,MKC307,TR,570,645,09/02/2026,12/18/2026,FULL,2026-10-03
2026 FALL - ALL,MKC,Moakley Center,MKC130G,MWF,545,595,09/02/2026,12/18/2026,OPEN,2026-10-03
2026 FALL - ALL,MKC,Moakley Center,MKC307,MW,740,815,09/02/2026,12/18/2026,OPEN,2026-10-03
2026 FALL - ALL,MKC,Moakley Center,MKC135B,TR,660,735,09/02/2026,12/18/2026,FULL,2026-10-03
2026 FALL - ALL,MKC,Moakley Center,MKC307,TR,750,825,09/02/2026,12/18/2026,OPEN,2026-10-03
2026 FALL - ALL,MKC,Moakley Center,MKC318,MW,830,905,09/02/2026,12/18/2026,OPEN,2026-10-03
2026 FALL - ALL,LIB,Maxwell Library,LIB309,TR,840,915,09/02/2026,12/18/2026,OPEN,2026-10-03
2026 FALL - ALL,MKC,Moakley Center,MKC307,TR,840,915,09/02/2026,12/18/2026,OPEN,2026-10-03
2026 FALL - ALL,HRT,Hart Hall,HRT117,M,830,990,09/02/2026,12/18/2026,OPEN,2026-10-03
2026 FALL - ALL,MKC,Moakley Center,MKC318,TR,660,735,09/02/2026,12/18/2026,OPEN,2026-10-03
2026 FALL - ALL,MKC,Moakley Center,MKC312,TR,840,915,09/02/2026,12/18/2026,OPEN,2026-10-03
2026 FALL - ALL,MKC,Moakley Center,MKC312,MW,740,815,09/02/2026,12/18/2026,OPEN,2026-10-03
2026 FALL - ALL,MKC,Moakley Center,MKC135B,TR,750,825,09/02/2026,12/18/2026,FULL,2026-10-03
2026 FALL - ALL,LIB,Maxwell Library,LIB205,TR,480,555,09/02/2026,12/18/2026,FULL,2026-10-03
2026 FALL - ALL,LIB,Maxwell Library,LIB205,TR,570,645,09/02/2026,12/18/2026,FULL,2026-10-03
2026 FALL - ALL,LIB,Maxwell Library,LIB205,MWF,545,595,09/02/2026,12/18/2026,OPEN,2026-10-03
2026 FALL - ALL,LIB,Maxwell Library,LIB205,MWF,675,725,09/02/2026,12/18/2026,FULL,2026-10-03
2026 FALL - ALL,LIB,Maxwell Library,LIB205,MWF,610,660,09/02/2026,12/18/2026,FULL,2026-10-03
2026 FALL - ALL,LIB,Maxwell Library,LIB205,TR,660,735,09/02/2026,12/18/2026,FULL,2026-10-03
2026 FALL - ALL,LIB,Maxwell Library,LIB205,TR,750,825,09/02/2026,12/18/2026,OPEN,2026-10-03
2026 FALL - ALL,MKC,Moakley Center,MKC224,W,830,990,09/02/2026,12/18/2026,OPEN,2026-10-03
2026 FALL - ALL,MKC,Moakley Center,MKC216,T,840,1000,09/02/2026,12/18/2026,OPEN,2026-10-03
2026 FALL - ALL,LIB,Maxwell Library,LIB205,TR,840,915,09/02/2026,12/18/2026,FULL,2026-10-03
2026 FALL - ALL,LIB,Maxwell Library,LIB205,W,1005,1165,09/02/2026,12/18/2026,OPEN,2026-10-03
2026 FALL - ALL,LIB,Maxwell Library,LIB205,W,1005,1165,09/02/2026,12/18/2026,OPEN,2026-10-03
2026 FALL - ALL,ART,Art Building,ART103,T,750,870,09/02/2026,12/18/2026,OPEN,2026-10-03
2026 FALL - ALL,MKC,Moakley Center,MKC305,TR,660,825,09/02/2026,12/18/2026,OPEN,2026-10-03
2026 FALL - ALL,MKC,Moakley Center,MKC216,TR,660,825,09/02/2026,12/18/2026,OPEN,2026-10-03
2026 FALL - ALL,MKC,Moakley Center,MKC216,MWF,610,725,09/02/2026,12/18/2026,OPEN,2026-10-03
2026 FALL - ALL,MKC,Moakley Center,MKC216,MWF,480,595,09/02/2026,12/18/2026,OPEN,2026-10-03
2026 FALL - ALL,MKC,Moakley Center,MKC216,R,1005,1305,09/02/2026,12/18/2026,OPEN,2026-10-03
2026 FALL - ALL,ART,Art Building,ART200,MWF,610,725,09/02/2026,12/18/2026,FULL,2026-10-03
2026 FALL - ALL,ART,Art Building,ART200,TR,660,825,09/02/2026,12/18/2026,OPEN,2026-10-03
2026 FALL - ALL,ART,Art Building,ART200,TR,840,1000,09/02/2026,12/18/2026,OPEN,2026-10-03
2026 FALL - ALL,ART,Art Building,ART200,MWF,740,855,09/02/2026,12/18/2026,OPEN,2026-10-03
2026 FALL - ALL,ART,Art Building,ART200,TR,480,645,09/02/2026,12/18/2026,FULL,2026-10-03
2026 FALL - ALL,ART,Art Building,ART200,W,1050,1350,09/02/2026,12/18/2026,OPEN,2026-10-03
2026 FALL - ALL,HNT,Hunt Hall,HNT011,MWF,610,725,09/02/2026,12/18/2026,FULL,2026-10-03
2026 FALL - ALL,HNT,Hunt Hall,HNT011,MWF,740,855,09/02/2026,12/18/2026,FULL,2026-10-03
2026 FALL - ALL,HNT,Hunt Hall,HNT011,TR,840,1000,09/02/2026,12/18/2026,OPEN,2026-10-03
2026 FALL - ALL,HNT,Hunt Hall,HNT011,TR,570,735,09/02/2026,12/18/2026,OPEN,2026-10-03
2026 FALL - ALL,HNT,Hunt Hall,HNT011,M,1050,1350,09/02/2026,12/18/2026,OPEN,2026-10-03
2026 FALL - ALL,HNT,Hunt Hall,HNT012,MWF,740,855,09/02/2026,12/18/2026,FULL,2026-10-03
2026 FALL - ALL,HNT,Hunt Hall,HNT012,TR,840,1000,09/02/2026,12/18/2026,OPEN,2026-10-03
2026 FALL - ALL,HNT,Hunt Hall,HNT012,MWF,480,595,09/02/2026,12/18/2026,OPEN,2026-10-03
2026 FALL - ALL,HNT,Hunt Hall,HNT011,TR,480,555,09/02/2026,12/18/2026,OPEN,2026-10-03
2026 FALL - ALL,HNT,Hunt Hall,HNT010,MW,740,900,09/02/2026,12/18/2026,OPEN,2026-10-03
2026 FALL - ALL,ART,Art Building,ART200,MW,870,1035,09/02/2026,12/18/2026,OPEN,2026-10-03
2026 FALL - ALL,ART,Art Building,ART200,M,1050,1350,09/02/2026,12/18/2026,OPEN,2026-10-03
2026 FALL - ALL,ART,Art Building,ART103,MWF,610,725,09/02/2026,12/18/2026,OPEN,2026-10-03
2026 FALL - ALL,ART,Art Building,ART103,W,1050,1260,09/02/2026,12/18/2026,OPEN,2026-10-03
2026 FALL - ALL,HNT,Hunt Hall,HNT012,MWF,610,725,09/02/2026,12/18/2026,OPEN,2026-10-03
2026 FALL - ALL,ART,Art Building,ART104,TR,660,825,09/02/2026,12/18/2026,OPEN,2026-10-03
2026 FALL - ALL,ART,Art Building,ART104,TR,840,1000,09/02/2026,12/18/2026,OPEN,2026-10-03
2026 FALL - ALL,ART,Art Building,ART202,MW,545,710,09/02/2026,12/18/2026,FULL,2026-10-03
2026 FALL - ALL,ART,Art Building,ART006,TR,480,645,09/02/2026,12/18/2026,OPEN,2026-10-03
2026 FALL - ALL,ART,Art Building,ART006,W,1005,1245,09/02/2026,12/18/2026,OPEN,2026-10-03
2026 FALL - ALL,ART,Art Building,ART001,TR,660,825,09/02/2026,12/18/2026,OPEN,2026-10-03
2026 FALL - ALL,HNT,Hunt Hall,HNT010,R,840,1000,09/02/2026,12/18/2026,FULL,2026-10-03
2026 FALL - ALL,HNT,Hunt Hall,HNT006,W,870,1035,09/02/2026,12/18/2026,OPEN,2026-10-03
2026 FALL - ALL,HNT,Hunt Hall,HNT010,MW,545,710,09/02/2026,12/18/2026,OPEN,2026-10-03
2026 FALL - ALL,ART,Art Building,ART200,MW,870,1035,09/02/2026,12/18/2026,OPEN,2026-10-03
2026 FALL - ALL,ART,Art Building,ART200,M,1050,1350,09/02/2026,12/18/2026,OPEN,2026-10-03
2026 FALL - ALL,ART,Art Building,ART103,MW,740,855,09/02/2026,12/18/2026,OPEN,2026-10-03
2026 FALL - ALL,ART,Art Building,ART103,W,1050,1260,09/02/2026,12/18/2026,OPEN,2026-10-03
2026 FALL - ALL,ART,Art Building,ART103,MW,740,855,09/02/2026,12/18/2026,OPEN,2026-10-03
2026 FALL - ALL,ART,Art Building,ART103,W,1050,1260,09/02/2026,12/18/2026,OPEN,2026-10-03
2026 FALL - ALL,HNT,Hunt Hall,HNT012,MWF,610,725,09/02/2026,12/18/2026,OPEN,2026-10-03
2026 FALL - ALL,ART,Art Building,ART104,TR,660,825,09/02/2026,12/18/2026,OPEN,2026-10-03
2026 FALL - ALL,ART,Art Building,ART104,TR,660,825,09/02/2026,12/18/2026,OPEN,2026-10-03
2026 FALL - ALL,ART,Art Building,ART104,TR,840,1000,09/02/2026,12/18/2026,OPEN,2026-10-03
2026 FALL - ALL,ART,Art Building,ART202,TR,660,825,09/02/2026,12/18/2026,OPEN,2026-10-03
2026 FALL - ALL,ART,Art Building,ART202,TR,840,1000,09/02/2026,12/18/2026,OPEN,2026-10-03
2026 FALL - ALL,ART,Art Building,ART006,TR,480,645,09/02/2026,12/18/2026,OPEN,2026-10-03
2026 FALL - ALL,ART,Art Building,ART006,W,1005,1245,09/02/2026,12/18/2026,OPEN,2026-10-03
2026 FALL - ALL,ART,Art Building,ART006,TR,480,645,09/02/2026,12/18/2026,OPEN,2026-10-03
2026 FALL - ALL,ART,Art Building,ART006,W,1005,1245,09/02/2026,12/18/2026,OPEN,2026-10-03
2026 FALL - ALL,ART,Art Building,ART104,TR,840,1000,09/02/2026,12/18/2026,OPEN,2026-10-03
2026 FALL - ALL,ART,Art Building,ART001,TR,660,825,09/02/2026,12/18/2026,OPEN,2026-10-03
2026 FALL - ALL,ART,Art Building,ART001,TR,660,825,09/02/2026,12/18/2026,OPEN,2026-10-03
2026 FALL - ALL,HNT,Hunt Hall,HNT011,MW,870,1035,09/02/2026,12/18/2026,FULL,2026-10-03
2026 FALL - ALL,ART,Art Building,ART103,MW,740,855,09/02/2026,12/18/2026,OPEN,2026-10-03
2026 FALL - ALL,ART,Art Building,ART103,W,1050,1260,09/02/2026,12/18/2026,OPEN,2026-10-03
2026 FALL - ALL,HNT,Hunt Hall,HNT012,MWF,610,725,09/02/2026,12/18/2026,OPEN,2026-10-03
2026 FALL - ALL,ART,Art Building,ART104,TR,840,1000,09/02/2026,12/18/2026,OPEN,2026-10-03
2026 FALL - ALL,ART,Art Building,ART104,TR,660,825,09/02/2026,12/18/2026,OPEN,2026-10-03
2026 FALL - ALL,ART,Art Building,ART202,M,1050,1350,09/02/2026,12/18/2026,OPEN,2026-10-03
2026 FALL - ALL,ART,Art Building,ART006,TR,480,645,09/02/2026,12/18/2026,OPEN,2026-10-03
2026 FALL - ALL,ART,Art Building,ART006,W,1005,1245,09/02/2026,12/18/2026,OPEN,2026-10-03
2026 FALL - ALL,ART,Art Building,ART001,TR,660,825,09/02/2026,12/18/2026,OPEN,2026-10-03
2026 FALL - ALL,HNT,Hunt Hall,HNT010,M,1005,1305,09/02/2026,12/18/2026,OPEN,2026-10-03
2026 FALL - ALL,ART,Art Building,ART104,TR,660,825,09/02/2026,12/18/2026,OPEN,2026-10-03
2026 FALL - ALL,HNT,Hunt Hall,HNT012,MWF,610,725,09/02/2026,12/18/2026,OPEN,2026-10-03
2026 FALL - ALL,ART,Art Building,ART006,TR,480,645,09/02/2026,12/18/2026,OPEN,2026-10-03
2026 FALL - ALL,ART,Art Building,ART006,W,1005,1245,09/02/2026,12/18/2026,OPEN,2026-10-03
2026 FALL - ALL,ART,Art Building,ART001,TR,660,825,09/02/2026,12/18/2026,OPEN,2026-10-03
2026 FALL - ALL,ART,Art Building,ART103,W,1050,1260,09/02/2026,12/18/2026,OPEN,2026-10-03
2026 FALL - ALL,ART,Art Building,ART103,MW,740,855,09/02/2026,12/18/2026,OPEN,2026-10-03
2026 FALL - ALL,ART,Art Building,ART103,MW,740,855,09/02/2026,12/18/2026,OPEN,2026-10-03
2026 FALL - ALL,ART,Art Building,ART103,W,1050,1260,09/02/2026,12/18/2026,OPEN,2026-10-03
2026 FALL - ALL,HNT,Hunt Hall,HNT012,MWF,610,725,09/02/2026,12/18/2026,OPEN,2026-10-03
2026 FALL - ALL,ART,Art Building,ART104,TR,660,825,09/02/2026,12/18/2026,OPEN,2026-10-03
2026 FALL - ALL,ART,Art Building,ART006,TR,480,645,09/02/2026,12/18/2026,OPEN,2026-10-03
2026 FALL - ALL,ART,Art Building,ART006,W,1005,1245,09/02/2026,12/18/2026,OPEN,2026-10-03
2026 FALL - ALL,ART,Art Building,ART001,TR,660,825,09/02/2026,12/18/2026,OPEN,2026-10-03
2026 FALL - ALL,HNT,Hunt Hall,HNT101,MW,675,725,09/02/2026,12/18/2026,FULL,2026-10-03
2026 FALL - ALL,HNT,Hunt Hall,HNT209,TR,925,1000,09/02/2026,12/18/2026,FULL,2026-10-03
2026 FALL - ALL,HRG,Harrington Hall,HRG002,MW,830,905,09/02/2026,12/18/2026,OPEN,2026-10-03
2026 FALL - ALL,HRG,Harrington Hall,HRG002,MW,920,995,09/02/2026,12/18/2026,OPEN,2026-10-03
2026 FALL - ALL,HRG,Harrington Hall,HRG002,TR,925,1000,09/02/2026,12/18/2026,OPEN,2026-10-03
2026 FALL - ALL,HRG,Harrington Hall,HRG204,W,960,1120,09/02/2026,10/21/2026,OPEN,2026-10-03
2026 FALL - ALL,HRG,Harrington Hall,HRG204,R,960,1120,09/02/2026,10/21/2026,OPEN,2026-10-03
2026 FALL - ALL,HRG,Harrington Hall,HRG204,W,960,1120,10/22/2026,12/18/2026,OPEN,2026-10-03
2026 FALL - ALL,DMF,DMF Science & Math Center,DMF177,R,960,1120,10/22/2026,12/18/2026,OPEN,2026-10-03
2026 FALL - ALL,HRG,Harrington Hall,HRG002,TR,840,915,09/02/2026,12/18/2026,OPEN,2026-10-03
2026 FALL - ALL,HRG,Harrington Hall,HRG002,MW,740,815,09/02/2026,12/18/2026,OPEN,2026-10-03
2026 FALL - ALL,HRG,Harrington Hall,HRG002,TR,660,735,09/02/2026,12/18/2026,OPEN,2026-10-03
2026 FALL - ALL,NBA,NBA,NBA112,F,780,960,09/02/2026,12/18/2026,OPEN,2026-10-03
2026 FALL - ALL,HRG,Harrington Hall,HRG002,TR,480,555,09/02/2026,12/18/2026,OPEN,2026-10-03
2026 FALL - ALL,HRG,Harrington Hall,HRG002,MWF,480,530,09/02/2026,12/18/2026,OPEN,2026-10-03
2026 FALL - ALL,HRG,Harrington Hall,HRG002,MWF,545,595,09/02/2026,12/18/2026,FULL,2026-10-03
2026 FALL - ALL,HRG,Harrington Hall,HRG002,TR,570,645,09/02/2026,12/18/2026,OPEN,2026-10-03
2026 FALL - ALL,HRG,Harrington Hall,HRG002,MW,675,725,09/02/2026,12/18/2026,OPEN,2026-10-03
2026 FALL - ALL,HRG,Harrington Hall,HRG002,MWF,610,660,09/02/2026,12/18/2026,OPEN,2026-10-03
2026 FALL - ALL,HRG,Harrington Hall,HRG002,R,750,825,09/02/2026,12/18/2026,OPEN,2026-10-03
2026 FALL - ALL,HRG,Harrington Hall,HRG002,T,750,825,09/02/2026,12/18/2026,OPEN,2026-10-03
2026 FALL - ALL,DMF,DMF Science & Math Center,DMF342,MWF,480,530,09/02/2026,12/18/2026,OPEN,2026-10-03
2026 FALL - ALL,DMF,DMF Science & Math Center,DMF342,MWF,545,595,09/02/2026,12/18/2026,FULL,2026-10-03
2026 FALL - ALL,DMF,DMF Science & Math Center,DMF342,MWF,610,660,09/02/2026,12/18/2026,FULL,2026-10-03
2026 FALL - ALL,DMF,DMF Science & Math Center,DMF442,TR,660,735,09/02/2026,12/18/2026,FULL,2026-10-03
2026 FALL - ALL,DMF,DMF Science & Math Center,DMF442,TR,750,825,09/02/2026,12/18/2026,OPEN,2026-10-03
2026 FALL - ALL,DMF,DMF Science & Math Center,DMF442,TR,840,915,09/02/2026,12/18/2026,FULL,2026-10-03
2026 FALL - ALL,DMF,DMF Science & Math Center,DMF242,MW,830,905,09/02/2026,12/18/2026,OPEN,2026-10-03
2026 FALL - ALL,DMF,DMF Science & Math Center,DMF340,MWF,545,595,09/02/2026,12/18/2026,OPEN,2026-10-03
2026 FALL - ALL,DMF,DMF Science & Math Center,DMF442,MW,830,905,09/02/2026,12/18/2026,FULL,2026-10-03
2026 FALL - ALL,DMF,DMF Science & Math Center,DMF442,MW,920,995,09/02/2026,12/18/2026,OPEN,2026-10-03
2026 FALL - ALL,DMF,DMF Science & Math Center,DMF442,TR,480,555,09/02/2026,12/18/2026,OPEN,2026-10-03
2026 FALL - ALL,DMF,DMF Science & Math Center,DMF442,TR,570,645,09/02/2026,12/18/2026,OPEN,2026-10-03
2026 FALL - ALL,DMF,DMF Science & Math Center,DMF340,MWF,610,660,09/02/2026,12/18/2026,OPEN,2026-10-03
2026 FALL - ALL,DMF,DMF Science & Math Center,DMF392,M,545,655,09/02/2026,12/18/2026,OPEN,2026-10-03
2026 FALL - ALL,DMF,DMF Science & Math Center,DMF392,M,675,785,09/02/2026,12/18/2026,FULL,2026-10-03
2026 FALL - ALL,DMF,DMF Science & Math Center,DMF370,M,675,785,09/02/2026,12/18/2026,FULL,2026-10-03
2026 FALL - ALL,DMF,DMF Science & Math Center,DMF370,T,570,680,09/02/2026,12/18/2026,FULL,2026-10-03
2026 FALL - ALL,DMF,DMF Science & Math Center,DMF370,T,750,860,09/02/2026,12/18/2026,FULL,2026-10-03
2026 FALL - ALL,DMF,DMF Science & Math Center,DMF370,T,870,980,09/02/2026,12/18/2026,OPEN,2026-10-03
2026 FALL - ALL,DMF,DMF Science & Math Center,DMF392,R,750,860,09/02/2026,12/18/2026,FULL,2026-10-03
2026 FALL - ALL,DMF,DMF Science & Math Center,DMF392,T,570,680,09/02/2026,12/18/2026,OPEN,2026-10-03
2026 FALL - ALL,DMF,DMF Science & Math Center,DMF392,W,830,940,09/02/2026,12/18/2026,FULL,2026-10-03
2026 FALL - ALL,DMF,DMF Science & Math Center,DMF370,W,545,655,09/02/2026,12/18/2026,FULL,2026-10-03
2026 FALL - ALL,DMF,DMF Science & Math Center,DMF392,W,675,785,09/02/2026,12/18/2026,FULL,2026-10-03
2026 FALL - ALL,DMF,DMF Science & Math Center,DMF392,W,545,655,09/02/2026,12/18/2026,FULL,2026-10-03
2026 FALL - ALL,DMF,DMF Science & Math Center,DMF370,W,675,785,09/02/2026,12/18/2026,FULL,2026-10-03
2026 FALL - ALL,DMF,DMF Science & Math Center,DMF392,R,570,680,09/02/2026,12/18/2026,FULL,2026-10-03
2026 FALL - ALL,DMF,DMF Science & Math Center,DMF370,R,570,680,09/02/2026,12/18/2026,FULL,2026-10-03
2026 FALL - ALL,DMF,DMF Science & Math Center,DMF392,T,750,860,09/02/2026,12/18/2026,FULL,2026-10-03
2026 FALL - ALL,DMF,DMF Science & Math Center,DMF370,R,750,860,09/02/2026,12/18/2026,FULL,2026-10-03
2026 FALL - ALL,DMF,DMF Science & Math Center,DMF392,M,830,940,09/02/2026,12/18/2026,OPEN,2026-10-03
2026 FALL - ALL,DMF,DMF Science & Math Center,DMF392,T,870,980,09/02/2026,12/18/2026,OPEN,2026-10-03
2026 FALL - ALL,DMF,DMF Science & Math Center,DMF370,T,1005,1165,09/02/2026,12/18/2026,FULL,2026-10-03
2026 FALL - ALL,DMF,DMF Science & Math Center,DMF340,M,1005,1165,09/02/2026,12/18/2026,OPEN,2026-10-03
2026 FALL - ALL,DMF,DMF Science & Math Center,DMF342,MWF,675,725,09/02/2026,12/18/2026,OPEN,2026-10-03
2026 FALL - ALL,DMF,DMF Science & Math Center,DMF381,M,545,655,09/02/2026,12/18/2026,FULL,2026-10-03
2026 FALL - ALL,DMF,DMF Science & Math Center,DMF381,W,545,655,09/02/2026,12/18/2026,OPEN,2026-10-03
2026 FALL - ALL,DMF,DMF Science & Math Center,DMF260,MWF,545,595,09/02/2026,12/18/2026,OPEN,2026-10-03
2026 FALL - ALL,HRT,Hart Hall,HRT116,MWF,545,595,09/02/2026,12/18/2026,FULL,2026-10-03
2026 FALL - ALL,DMF,DMF Science & Math Center,DMF365,MW,830,905,09/02/2026,12/18/2026,FULL,2026-10-03
2026 FALL - ALL,DMF,DMF Science & Math Center,DMF365,MWF,675,725,09/02/2026,12/18/2026,FULL,2026-10-03
2026 FALL - ALL,DMF,DMF Science & Math Center,DMF260,TR,750,825,09/02/2026,12/18/2026,OPEN,2026-10-03
2026 FALL - ALL,MKC,Moakley Center,MKC131,MWF,480,530,09/02/2026,12/18/2026,OPEN,2026-10-03
2026 FALL - ALL,DMF,DMF Science & Math Center,DMF342,W,1005,1165,09/02/2026,12/18/2026,OPEN,2026-10-03
2026 FALL - ALL,DMF,DMF Science & Math Center,DMF482,T,480,645,09/02/2026,12/18/2026,OPEN,2026-10-03
2026 FALL - ALL,DMF,DMF Science & Math Center,DMF482,R,480,645,09/02/2026,12/18/2026,OPEN,2026-10-03
2026 FALL - ALL,DMF,DMF Science & Math Center,DMF482,T,660,825,09/02/2026,12/18/2026,FULL,2026-10-03
2026 FALL - ALL,DMF,DMF Science & Math Center,DMF482,R,840,1004,09/02/2026,12/18/2026,OPEN,2026-10-03
2026 FALL - ALL,DMF,DMF Science & Math Center,DMF482,M,610,775,09/02/2026,12/18/2026,FULL,2026-10-03
2026 FALL - ALL,DMF,DMF Science & Math Center,DMF482,M,830,995,09/02/2026,12/18/2026,OPEN,2026-10-03
2026 FALL - ALL,DMF,DMF Science & Math Center,DMF482,W,545,710,09/02/2026,12/18/2026,OPEN,2026-10-03
2026 FALL - ALL,DMF,DMF Science & Math Center,DMF482,W,740,905,09/02/2026,12/18/2026,FULL,2026-10-03
2026 FALL - ALL,DMF,DMF Science & Math Center,DMF482,R,660,825,09/02/2026,12/18/2026,FULL,2026-10-03
2026 FALL - ALL,DMF,DMF Science & Math Center,DMF482,T,840,1000,09/02/2026,12/18/2026,OPEN,2026-10-03
2026 FALL - ALL,DMF,DMF Science & Math Center,DMF482,M,1005,1165,09/02/2026,12/18/2026,OPEN,2026-10-03
2026 FALL - ALL,LIB,Maxwell Library,LIB013,MW,740,815,09/02/2026,12/18/2026,OPEN,2026-10-03
2026 FALL - ALL,DMF,DMF Science & Math Center,DMF365,T,1005,1165,09/02/2026,12/18/2026,FULL,2026-10-03
2026 FALL - ALL,DMF,DMF Science & Math Center,DMF442,W,1005,1165,09/02/2026,12/18/2026,OPEN,2026-10-03
2026 FALL - ALL,DMF,DMF Science & Math Center,DMF490,R,570,735,09/02/2026,12/18/2026,OPEN,2026-10-03
2026 FALL - ALL,DMF,DMF Science & Math Center,DMF490,R,750,915,09/02/2026,12/18/2026,FULL,2026-10-03
2026 FALL - ALL,DMF,DMF Science & Math Center,DMF490,W,1005,1165,09/02/2026,12/18/2026,FULL,2026-10-03
2026 FALL - ALL,DMF,DMF Science & Math Center,DMF490,M,1005,1165,09/02/2026,12/18/2026,OPEN,2026-10-03
2026 FALL - ALL,DMF,DMF Science & Math Center,DMF382,T,570,680,09/02/2026,12/18/2026,FULL,2026-10-03
2026 FALL - ALL,DMF,DMF Science & Math Center,DMF382,T,750,860,09/02/2026,12/18/2026,FULL,2026-10-03
2026 FALL - ALL,DMF,DMF Science & Math Center,DMF382,M,545,655,09/02/2026,12/18/2026,FULL,2026-10-03
2026 FALL - ALL,DMF,DMF Science & Math Center,DMF382,M,740,850,09/02/2026,12/18/2026,FULL,2026-10-03
2026 FALL - ALL,DMF,DMF Science & Math Center,DMF494,T,750,860,09/02/2026,12/18/2026,FULL,2026-10-03
2026 FALL - ALL,DMF,DMF Science & Math Center,DMF494,T,570,680,09/02/2026,12/18/2026,FULL,2026-10-03
2026 FALL - ALL,DMF,DMF Science & Math Center,DMF382,W,740,850,09/02/2026,12/18/2026,FULL,2026-10-03
2026 FALL - ALL,DMF,DMF Science & Math Center,DMF340,MWF,675,725,09/02/2026,12/18/2026,FULL,2026-10-03
2026 FALL - ALL,DMF,DMF Science & Math Center,DMF342,MWF,740,790,09/02/2026,12/18/2026,OPEN,2026-10-03
2026 FALL - ALL,LIB,Maxwell Library,LIB013,TR,570,645,09/02/2026,12/18/2026,OPEN,2026-10-03
2026 FALL - ALL,DMF,DMF Science & Math Center,DMF340,S,540,900,09/02/2026,12/18/2026,OPEN,2026-10-03
2026 FALL - ALL,DMF,DMF Science & Math Center,DMF259,S,540,900,09/02/2026,12/18/2026,FULL,2026-10-03
2026 FALL - ALL,DMF,DMF Science & Math Center,DMF259,TR,840,915,09/02/2026,12/18/2026,FULL,2026-10-03
2026 FALL - ALL,DMF,DMF Science & Math Center,DMF163,M,610,775,09/02/2026,12/18/2026,FULL,2026-10-03
2026 FALL - ALL,DMF,DMF Science & Math Center,DMF163,M,830,995,09/02/2026,12/18/2026,FULL,2026-10-03
2026 FALL - ALL,DMF,DMF Science & Math Center,DMF163,T,750,915,09/02/2026,12/18/2026,FULL,2026-10-03
2026 FALL - ALL,DMF,DMF Science & Math Center,DMF163,W,545,710,09/02/2026,12/18/2026,OPEN,2026-10-03
2026 FALL - ALL,DMF,DMF Science & Math Center,DMF365,TR,480,555,09/02/2026,12/18/2026,FULL,2026-10-03
2026 FALL - ALL,DMF,DMF Science & Math Center,DMF340,TR,570,645,09/02/2026,12/18/2026,FULL,2026-10-03
2026 FALL - ALL,DMF,DMF Science & Math Center,DMF259,T,1005,1080,09/02/2026,12/18/2026,FULL,2026-10-03
2026 FALL - ALL,DMF,DMF Science & Math Center,DMF259,T,1095,1170,09/02/2026,12/18/2026,FULL,2026-10-03
2026 FALL - ALL,DMF,DMF Science & Math Center,DMF365,T,660,735,09/02/2026,12/18/2026,FULL,2026-10-03
2026 FALL - ALL,DMF,DMF Science & Math Center,DMF161,T,750,915,09/02/2026,12/18/2026,FULL,2026-10-03
2026 FALL - ALL,DMF,DMF Science & Math Center,DMF161,W,480,645,09/02/2026,12/18/2026,FULL,2026-10-03
2026 FALL - ALL,DMF,DMF Science & Math Center,DMF161,W,660,825,09/02/2026,12/18/2026,FULL,2026-10-03
2026 FALL - ALL,DMF,DMF Science & Math Center,DMF161,W,830,995,09/02/2026,12/18/2026,FULL,2026-10-03
2026 FALL - ALL,DMF,DMF Science & Math Center,DMF161,R,750,915,09/02/2026,12/18/2026,FULL,2026-10-03
2026 FALL - ALL,DMF,DMF Science & Math Center,DMF161,R,1005,1165,09/02/2026,12/18/2026,FULL,2026-10-03
2026 FALL - ALL,DMF,DMF Science & Math Center,DMF161,W,1005,1165,09/02/2026,12/18/2026,FULL,2026-10-03
2026 FALL - ALL,DMF,DMF Science & Math Center,DMF161,T,1005,1165,09/02/2026,12/18/2026,FULL,2026-10-03
2026 FALL - ALL,DMF,DMF Science & Math Center,DMF340,MW,740,815,09/02/2026,12/18/2026,FULL,2026-10-03
2026 FALL - ALL,DMF,DMF Science & Math Center,DMF340,MW,830,905,09/02/2026,12/18/2026,FULL,2026-10-03
2026 FALL - ALL,DMF,DMF Science & Math Center,DMF442,M,1005,1165,09/02/2026,12/18/2026,OPEN,2026-10-03
2026 FALL - ALL,DMF,DMF Science & Math Center,DMF384,T,750,915,09/02/2026,12/18/2026,FULL,2026-10-03
2026 FALL - ALL,DMF,DMF Science & Math Center,DMF384,R,750,915,09/02/2026,12/18/2026,FULL,2026-10-03
2026 FALL - ALL,DMF,DMF Science & Math Center,DMF384,W,480,645,09/02/2026,12/18/2026,FULL,2026-10-03
2026 FALL - ALL,DMF,DMF Science & Math Center,DMF384,W,660,825,09/02/2026,12/18/2026,FULL,2026-10-03
2026 FALL - ALL,DMF,DMF Science & Math Center,DMF384,R,1005,1165,09/02/2026,12/18/2026,OPEN,2026-10-03
2026 FALL - ALL,DMF,DMF Science & Math Center,DMF490,M,740,905,09/02/2026,12/18/2026,FULL,2026-10-03
2026 FALL - ALL,DMF,DMF Science & Math Center,DMF490,W,740,905,09/02/2026,12/18/2026,FULL,2026-10-03
2026 FALL - ALL,DMF,DMF Science & Math Center,DMF163,TR,570,645,09/02/2026,12/18/2026,FULL,2026-10-03
2026 FALL - ALL,DMF,DMF Science & Math Center,DMF365,MW,740,815,09/02/2026,12/18/2026,FULL,2026-10-03
2026 FALL - ALL,DMF,DMF Science & Math Center,DMF330,W,545,710,09/02/2026,12/18/2026,FULL,2026-10-03
2026 FALL - ALL,DMF,DMF Science & Math Center,DMF330,M,545,710,09/02/2026,12/18/2026,FULL,2026-10-03
2026 FALL - ALL,DMF,DMF Science & Math Center,DMF382,T,1005,1165,09/02/2026,12/18/2026,FULL,2026-10-03
2026 FALL - ALL,DMF,DMF Science & Math Center,DMF376,W,1005,1165,09/02/2026,12/18/2026,FULL,2026-10-03
2026 FALL - ALL,DMF,DMF Science & Math Center,DMF376,MW,830,905,09/02/2026,12/18/2026,FULL,2026-10-03
2026 FALL - ALL,DMF,DMF Science & Math Center,DMF376,R,840,1000,09/02/2026,12/18/2026,FULL,2026-10-03
2026 FALL - ALL,DMF,DMF Science & Math Center,DMF260,TR,480,555,09/02/2026,12/18/2026,FULL,2026-10-03
2026 FALL - ALL,DMF,DMF Science & Math Center,DMF381,T,570,735,09/02/2026,12/18/2026,FULL,2026-10-03
2026 FALL - ALL,DMF,DMF Science & Math Center,DMF165,MW,740,815,09/02/2026,12/18/2026,OPEN,2026-10-03
2026 FALL - ALL,DMF,DMF Science & Math Center,DMF165,W,830,990,09/02/2026,12/18/2026,OPEN,2026-10-03
2026 FALL - ALL,DMF,DMF Science & Math Center,DMF390,TR,660,735,09/02/2026,12/18/2026,FULL,2026-10-03
2026 FALL - ALL,DMF,DMF Science & Math Center,DMF390,T,750,915,09/02/2026,12/18/2026,FULL,2026-10-03
2026 FALL - ALL,DMF,DMF Science & Math Center,DMF467,T,960,1120,09/02/2026,12/18/2026,OPEN,2026-10-03
2026 FALL - ALL,DMF,DMF Science & Math Center,DMF165,T,1125,1290,09/02/2026,12/18/2026,OPEN,2026-10-03
2026 FALL - ALL,DMF,DMF Science & Math Center,DMF494,TR,925,1000,09/02/2026,12/18/2026,FULL,2026-10-03
2026 FALL - ALL,DMF,DMF Science & Math Center,DMF494,R,750,915,09/02/2026,12/18/2026,FULL,2026-10-03
2026 FALL - ALL,DMF,DMF Science & Math Center,DMF467,M,1005,1165,09/02/2026,12/18/2026,OPEN,2026-10-03
2026 FALL - ALL,DMF,DMF Science & Math Center,DMF467,S,480,840,09/02/2026,12/18/2026,OPEN,2026-10-03
2026 FALL - ALL,DMF,DMF Science & Math Center,DMF467,TR,840,915,09/02/2026,12/18/2026,OPEN,2026-10-03
2026 FALL - ALL,DMF,DMF Science & Math Center,DMF165,R,660,825,09/02/2026,12/18/2026,OPEN,2026-10-03
2026 FALL - ALL,DMF,DMF Science & Math Center,DMF365,M,1005,1165,09/02/2026,12/18/2026,OPEN,2026-10-03
2026 FALL - ALL,DMF,DMF Science & Math Center,DMF442,MW,740,815,09/02/2026,12/18/2026,OPEN,2026-10-03
2026 FALL - ALL,DMF,DMF Science & Math Center,DMF365,TR,570,645,09/02/2026,12/18/2026,FULL,2026-10-03
2026 FALL - ALL,DMF,DMF Science & Math Center,DMF494,TR,925,1000,09/02/2026,12/18/2026,FULL,2026-10-03
2026 FALL - ALL,DMF,DMF Science & Math Center,DMF494,R,750,915,09/02/2026,12/18/2026,FULL,2026-10-03
2026 FALL - ALL,DMF,DMF Science & Math Center,DMF467,T,960,1120,09/02/2026,12/18/2026,OPEN,2026-10-03
2026 FALL - ALL,DMF,DMF Science & Math Center,DMF165,T,1125,1290,09/02/2026,12/18/2026,OPEN,2026-10-03
2026 FALL - ALL,DMF,DMF Science & Math Center,DMF365,M,1005,1165,09/02/2026,12/18/2026,OPEN,2026-10-03
2026 FALL - ALL,DMF,DMF Science & Math Center,DMF467,TR,840,915,09/02/2026,12/18/2026,OPEN,2026-10-03
2026 FALL - ALL,DMF,DMF Science & Math Center,DMF467,S,480,840,09/02/2026,12/18/2026,OPEN,2026-10-03
2026 FALL - ALL,DMF,DMF Science & Math Center,DMF442,MW,740,815,09/02/2026,12/18/2026,OPEN,2026-10-03
2026 FALL - ALL,DMF,DMF Science & Math Center,DMF442,MW,740,815,09/02/2026,12/18/2026,FULL,2026-10-03
2026 FALL - ALL,DMF,DMF Science & Math Center,DMF365,TR,570,645,09/02/2026,12/18/2026,OPEN,2026-10-03
2026 FALL - ALL,DMF,DMF Science & Math Center,DMF163,W,830,990,09/02/2026,12/18/2026,OPEN,2026-10-03
2026 FALL - ALL,HRG,Harrington Hall,HRG206,TR,660,735,09/02/2026,12/18/2026,FULL,2026-10-03
2026 FALL - ALL,DMF,DMF Science & Math Center,DMF463,MW,920,995,09/02/2026,12/18/2026,FULL,2026-10-03
2026 FALL - ALL,DMF,DMF Science & Math Center,DMF367,TR,925,1000,09/02/2026,12/18/2026,OPEN,2026-10-03
2026 FALL - ALL,DMF,DMF Science & Math Center,DMF463,MW,740,815,09/02/2026,12/18/2026,FULL,2026-10-03
2026 FALL - ALL,DMF,DMF Science & Math Center,DMF463,TR,750,825,09/02/2026,12/18/2026,FULL,2026-10-03
2026 FALL - ALL,DMF,DMF Science & Math Center,DMF463,TR,570,645,09/02/2026,12/18/2026,OPEN,2026-10-03
2026 FALL - ALL,DMF,DMF Science & Math Center,DMF463,M,1005,1165,09/02/2026,12/18/2026,OPEN,2026-10-03
2026 FALL - ALL,DMF,DMF Science & Math Center,DMF481,M,480,655,09/02/2026,12/18/2026,FULL,2026-10-03
2026 FALL - ALL,DMF,DMF Science & Math Center,DMF481,T,480,655,09/02/2026,12/18/2026,FULL,2026-10-03
2026 FALL - ALL,DMF,DMF Science & Math Center,DMF481,W,480,655,09/02/2026,12/18/2026,FULL,2026-10-03
2026 FALL - ALL,DMF,DMF Science & Math Center,DMF481,R,480,655,09/02/2026,12/18/2026,OPEN,2026-10-03
2026 FALL - ALL,DMF,DMF Science & Math Center,DMF481,W,740,915,09/02/2026,12/18/2026,FULL,2026-10-03
2026 FALL - ALL,DMF,DMF Science & Math Center,DMF481,R,750,924,09/02/2026,12/18/2026,FULL,2026-10-03
2026 FALL - ALL,DMF,DMF Science & Math Center,DMF481,M,1166,1345,09/02/2026,12/18/2026,OPEN,2026-10-03
2026 FALL - ALL,DMF,DMF Science & Math Center,DMF463,T,1005,1165,09/02/2026,12/18/2026,OPEN,2026-10-03
2026 FALL - ALL,DMF,DMF Science & Math Center,DMF481,T,1166,1345,09/02/2026,12/18/2026,OPEN,2026-10-03
2026 FALL - ALL,DMF,DMF Science & Math Center,DMF477,MWF,610,660,09/02/2026,12/18/2026,OPEN,2026-10-03
2026 FALL - ALL,DMF,DMF Science & Math Center,DMF463,MWF,480,530,09/02/2026,12/18/2026,OPEN,2026-10-03
2026 FALL - ALL,DMF,DMF Science & Math Center,DMF463,MWF,610,660,09/02/2026,12/18/2026,OPEN,2026-10-03
2026 FALL - ALL,DMF,DMF Science & Math Center,DMF463,TR,480,555,09/02/2026,12/18/2026,OPEN,2026-10-03
2026 FALL - ALL,DMF,DMF Science & Math Center,DMF463,TR,660,735,09/02/2026,12/18/2026,FULL,2026-10-03
2026 FALL - ALL,DMF,DMF Science & Math Center,DMF465,T,1005,1165,09/02/2026,12/18/2026,OPEN,2026-10-03
2026 FALL - ALL,DMF,DMF Science & Math Center,DMF485,F,740,970,09/02/2026,12/18/2026,OPEN,2026-10-03
2026 FALL - ALL,DMF,DMF Science & Math Center,DMF489,F,545,775,09/02/2026,12/18/2026,FULL,2026-10-03
2026 FALL - ALL,DMF,DMF Science & Math Center,DMF485,M,740,970,09/02/2026,12/18/2026,OPEN,2026-10-03
2026 FALL - ALL,DMF,DMF Science & Math Center,DMF485,T,750,980,09/02/2026,12/18/2026,OPEN,2026-10-03
2026 FALL - ALL,DMF,DMF Science & Math Center,DMF485,W,740,970,09/02/2026,12/18/2026,OPEN,2026-10-03
2026 FALL - ALL,DMF,DMF Science & Math Center,DMF485,R,750,980,09/02/2026,12/18/2026,OPEN,2026-10-03
2026 FALL - ALL,DMF,DMF Science & Math Center,DMF489,T,750,980,09/02/2026,12/18/2026,OPEN,2026-10-03
2026 FALL - ALL,DMF,DMF Science & Math Center,DMF489,R,750,980,09/02/2026,12/18/2026,OPEN,2026-10-03
2026 FALL - ALL,DMF,DMF Science & Math Center,DMF463,R,1005,1080,09/02/2026,12/18/2026,OPEN,2026-10-03
2026 FALL - ALL,DMF,DMF Science & Math Center,DMF463,R,1085,1235,09/02/2026,12/18/2026,OPEN,2026-10-03
2026 FALL - ALL,DMF,DMF Science & Math Center,DMF465,MWF,545,595,09/02/2026,12/18/2026,OPEN,2026-10-03
2026 FALL - ALL,DMF,DMF Science & Math Center,DMF489,M,740,970,09/02/2026,12/18/2026,OPEN,2026-10-03
2026 FALL - ALL,DMF,DMF Science & Math Center,DMF489,W,740,970,09/02/2026,12/18/2026,OPEN,2026-10-03
2026 FALL - ALL,DMF,DMF Science & Math Center,DMF463,MWF,545,595,09/02/2026,12/18/2026,FULL,2026-10-03
2026 FALL - ALL,DMF,DMF Science & Math Center,DMF465,TR,660,735,09/02/2026,12/18/2026,FULL,2026-10-03
2026 FALL - ALL,DMF,DMF Science & Math Center,DMF465,R,1005,1165,09/02/2026,12/18/2026,OPEN,2026-10-03
2026 FALL - ALL,DMF,DMF Science & Math Center,DMF477,M,740,970,09/02/2026,12/18/2026,FULL,2026-10-03
2026 FALL - ALL,DMF,DMF Science & Math Center,DMF477,T,750,980,09/02/2026,12/18/2026,FULL,2026-10-03
2026 FALL - ALL,DMF,DMF Science & Math Center,DMF477,W,740,970,09/02/2026,12/18/2026,FULL,2026-10-03
2026 FALL - ALL,DMF,DMF Science & Math Center,DMF477,R,750,980,09/02/2026,12/18/2026,FULL,2026-10-03
2026 FALL - ALL,DMF,DMF Science & Math Center,DMF477,T,1005,1235,09/02/2026,12/18/2026,OPEN,2026-10-03
2026 FALL - ALL,DMF,DMF Science & Math Center,DMF477,W,1005,1235,09/02/2026,12/18/2026,OPEN,2026-10-03
2026 FALL - ALL,DMF,DMF Science & Math Center,DMF463,F,735,855,09/02/2026,12/18/2026,OPEN,2026-10-03
2026 FALL - ALL,DMF,DMF Science & Math Center,DMF463,MWF,675,725,09/02/2026,12/18/2026,OPEN,2026-10-03
2026 FALL - ALL,DMF,DMF Science & Math Center,DMF465,TR,570,645,09/02/2026,12/18/2026,OPEN,2026-10-03
2026 FALL - ALL,DMF,DMF Science & Math Center,DMF476,W,740,970,09/02/2026,12/18/2026,OPEN,2026-10-03
2026 FALL - ALL,DMF,DMF Science & Math Center,DMF476,R,750,980,09/02/2026,12/18/2026,FULL,2026-10-03
2026 FALL - ALL,DMF,DMF Science & Math Center,DMF442,MWF,545,595,09/02/2026,12/18/2026,OPEN,2026-10-03
2026 FALL - ALL,DMF,DMF Science & Math Center,DMF472,M,740,970,09/02/2026,12/18/2026,OPEN,2026-10-03
2026 FALL - ALL,DMF,DMF Science & Math Center,DMF472,T,750,980,09/02/2026,12/18/2026,OPEN,2026-10-03
2026 FALL - ALL,DMF,DMF Science & Math Center,DMF467,TR,660,735,09/02/2026,12/18/2026,FULL,2026-10-03
2026 FALL - ALL,DMF,DMF Science & Math Center,DMF442,T,1005,1165,09/02/2026,12/18/2026,OPEN,2026-10-03
2026 FALL - ALL,DMF,DMF Science & Math Center,DMF480,T,750,980,09/02/2026,12/18/2026,FULL,2026-10-03
2026 FALL - ALL,DMF,DMF Science & Math Center,DMF480,R,750,980,09/02/2026,12/18/2026,OPEN,2026-10-03
2026 FALL - ALL,DMF,DMF Science & Math Center,DMF340,F,735,855,09/02/2026,12/18/2026,OPEN,2026-10-03
2026 FALL - ALL,MKC,Moakley Center,MKC135B,MWF,610,660,09/02/2026,12/18/2026,FULL,2026-10-03
2026 FALL - ALL,MKC,Moakley Center,MKC135B,MWF,675,725,09/02/2026,12/18/2026,OPEN,2026-10-03
2026 FALL - ALL,HRT,Hart Hall,HRT212,TR,840,915,09/02/2026,12/18/2026,FULL,2026-10-03
2026 FALL - ALL,HRT,Hart Hall,HRT212,TR,750,825,09/02/2026,12/18/2026,FULL,2026-10-03
2026 FALL - ALL,HRT,Hart Hall,HRT212,TR,925,1000,09/02/2026,12/18/2026,OPEN,2026-10-03
2026 FALL - ALL,MKC,Moakley Center,MKC135A,MW,920,995,09/02/2026,12/18/2026,FULL,2026-10-03
2026 FALL - ALL,MKC,Moakley Center,MKC307,T,660,735,09/02/2026,12/18/2026,OPEN,2026-10-03
2026 FALL - ALL,HRT,Hart Hall,HRT313,TR,570,645,09/02/2026,12/18/2026,OPEN,2026-10-03
2026 FALL - ALL,MKC,Moakley Center,MKC130G,W,740,815,09/02/2026,12/18/2026,OPEN,2026-10-03
2026 FALL - ALL,HRT,Hart Hall,HRT313,TR,480,555,09/02/2026,12/18/2026,OPEN,2026-10-03
2026 FALL - ALL,HRT,Hart Hall,HRT313,R,660,735,09/02/2026,12/18/2026,OPEN,2026-10-03
2026 FALL - ALL,HRT,Hart Hall,HRT114,F,740,895,09/02/2026,12/18/2026,OPEN,2026-10-03
2026 FALL - ALL,MKC,Moakley Center,MKC135B,MW,830,905,09/02/2026,12/18/2026,OPEN,2026-10-03
2026 FALL - ALL,HRT,Hart Hall,HRT213,M,740,815,09/02/2026,12/18/2026,OPEN,2026-10-03
2026 FALL - ALL,MKC,Moakley Center,MKC131,F,740,895,09/02/2026,12/18/2026,OPEN,2026-10-03
2026 FALL - ALL,KLY,Kelly Gymnasium,KLY120,W,960,1120,09/02/2026,12/18/2026,FULL,2026-10-03
2026 FALL - ALL,KLY,Kelly Gymnasium,KLY120,R,960,1120,09/02/2026,12/18/2026,OPEN,2026-10-03
2026 FALL - ALL,KLY,Kelly Gymnasium,KLY115,W,1135,1295,09/02/2026,12/18/2026,OPEN,2026-10-03
2026 FALL - ALL,KLY,Kelly Gymnasium,KLY119,W,960,1120,09/02/2026,12/18/2026,OPEN,2026-10-03
2026 FALL - ALL,KLY,Kelly Gymnasium,KLY115,R,1140,1260,09/02/2026,12/18/2026,OPEN,2026-10-03
2026 FALL - ALL,KLY,Kelly Gymnasium,KLY120,M,960,1120,09/02/2026,12/18/2026,OPEN,2026-10-03
2026 FALL - ALL,KLY,Kelly Gymnasium,KLY120,M,1135,1295,09/02/2026,12/18/2026,FULL,2026-10-03
2026 FALL - ALL,LIB,Maxwell Library,LIB019,T,960,1120,09/02/2026,12/18/2026,FULL,2026-10-03
2026 FALL - ALL,KLY,Kelly Gymnasium,KLY121,M,960,1120,09/02/2026,12/18/2026,OPEN,2026-10-03
2026 FALL - ALL,LIB,Maxwell Library,LIB013B,M,960,1120,09/02/2026,12/18/2026,OPEN,2026-10-03
2026 FALL - ALL,LIB,Maxwell Library,LIB019,T,1135,1295,09/02/2026,12/18/2026,FULL,2026-10-03
2026 FALL - ALL,KLY,Kelly Gymnasium,KLY119,W,1135,1295,09/02/2026,12/18/2026,OPEN,2026-10-03
2026 FALL - ALL,DMF,DMF Science & Math Center,DMF367,S,540,960,09/02/2026,12/18/2026,OPEN,2026-10-03
2026 FALL - ALL,LIB,Maxwell Library,LIB202,S,540,960,09/02/2026,12/18/2026,OPEN,2026-10-03
2026 FALL - ALL,KLY,Kelly Gymnasium,KLY119,T,1135,1295,09/02/2026,12/18/2026,OPEN,2026-10-03
2026 FALL - ALL,KLY,Kelly Gymnasium,KLY115,M,960,1120,09/02/2026,12/18/2026,OPEN,2026-10-03
2026 FALL - ALL,KLY,Kelly Gymnasium,KLY115,T,960,1120,09/02/2026,12/18/2026,FULL,2026-10-03
2026 FALL - ALL,KLY,Kelly Gymnasium,KLY115,W,960,1120,09/02/2026,12/18/2026,OPEN,2026-10-03
2026 FALL - ALL,KLY,Kelly Gymnasium,KLY119,R,960,1120,09/02/2026,12/18/2026,OPEN,2026-10-03
2026 FALL - ALL,KLY,Kelly Gymnasium,KLY121,T,1135,1295,09/02/2026,12/18/2026,OPEN,2026-10-03
2026 FALL - ALL,KLY,Kelly Gymnasium,KLY119,W,1135,1295,09/02/2026,12/18/2026,OPEN,2026-10-03
2026 FALL - ALL,LIB,Maxwell Library,LIB205,T,960,1120,09/02/2026,12/18/2026,OPEN,2026-10-03
2026 FALL - ALL,KLY,Kelly Gymnasium,KLY119,W,960,1120,09/02/2026,12/18/2026,FULL,2026-10-03
2026 FALL - ALL,KLY,Kelly Gymnasium,KLY121,M,1140,1230,09/02/2026,12/18/2026,OPEN,2026-10-03
2026 FALL - ALL,KLY,Kelly Gymnasium,KLY119,T,1020,1110,09/02/2026,12/18/2026,OPEN,2026-10-03
2026 FALL - ALL,KLY,Kelly Gymnasium,KLY121,T,1135,1295,09/02/2026,12/18/2026,OPEN,2026-10-03
2026 FALL - ALL,KLY,Kelly Gymnasium,KLY121,M,960,1110,09/02/2026,12/18/2026,OPEN,2026-10-03
2026 FALL - ALL,KLY,Kelly Gymnasium,KLY121,T,960,1110,09/02/2026,12/18/2026,OPEN,2026-10-03
2026 FALL - ALL,KLY,Kelly Gymnasium,KLY120,T,1140,1290,09/02/2026,12/18/2026,OPEN,2026-10-03
2026 FALL - ALL,KLY,Kelly Gymnasium,KLY120,T,960,1110,09/02/2026,12/18/2026,OPEN,2026-10-03
2026 FALL - ALL,KLY,Kelly Gymnasium,KLY121,M,1140,1230,09/02/2026,12/18/2026,OPEN,2026-10-03
2026 FALL - ALL,KLY,Kelly Gymnasium,KLY121,T,1135,1295,09/02/2026,12/18/2026,OPEN,2026-10-03
2026 FALL - ALL,KLY,Kelly Gymnasium,KLY121,M,960,1110,09/02/2026,12/18/2026,OPEN,2026-10-03
2026 FALL - ALL,KLY,Kelly Gymnasium,KLY121,T,960,1110,09/02/2026,12/18/2026,OPEN,2026-10-03
2026 FALL - ALL,KLY,Kelly Gymnasium,KLY120,T,1140,1290,09/02/2026,12/18/2026,OPEN,2026-10-03
2026 FALL - ALL,KLY,Kelly Gymnasium,KLY120,T,960,1110,09/02/2026,12/18/2026,OPEN,2026-10-03
2026 FALL - ALL,KLY,Kelly Gymnasium,KLY119,T,1020,1110,09/02/2026,12/18/2026,OPEN,2026-10-03
2026 FALL - ALL,KLY,Kelly Gymnasium,KLY121,M,960,1110,09/02/2026,12/18/2026,OPEN,2026-10-03
2026 FALL - ALL,HRT,Hart Hall,HRT116,R,660,735,09/02/2026,12/18/2026,FULL,2026-10-03
2026 FALL - ALL,HRT,Hart Hall,HRT318,T,960,1120,09/02/2026,12/18/2026,OPEN,2026-10-03
2026 FALL - ALL,HRT,Hart Hall,HRT317,R,840,915,09/02/2026,12/18/2026,OPEN,2026-10-03
2026 FALL - ALL,MKC,Moakley Center,MKC130F,T,750,825,09/02/2026,12/18/2026,OPEN,2026-10-03
2026 FALL - ALL,HRT,Hart Hall,HRT117,R,750,825,09/02/2026,12/18/2026,OPEN,2026-10-03
2026 FALL - ALL,HRT,Hart Hall,HRT312,W,830,990,09/02/2026,12/18/2026,OPEN,2026-10-03
2026 FALL - ALL,HRT,Hart Hall,HRT117,W,1005,1165,09/02/2026,12/18/2026,FULL,2026-10-03
2026 FALL - ALL,HRT,Hart Hall,HRT313,W,1005,1165,09/02/2026,12/18/2026,OPEN,2026-10-03
2026 FALL - ALL,HRT,Hart Hall,HRT115,W,830,990,09/02/2026,12/18/2026,FULL,2026-10-03
2026 FALL - ALL,HRT,Hart Hall,HRT114,R,480,530,09/02/2026,12/18/2026,OPEN,2026-10-03
2026 FALL - ALL,MKC,Moakley Center,MKC307,M,1005,1165,09/02/2026,12/18/2026,FULL,2026-10-03
2026 FALL - ALL,HRT,Hart Hall,HRT313,T,1005,1165,09/02/2026,12/18/2026,FULL,2026-10-03
2026 FALL - ALL,HRT,Hart Hall,HRT212,R,1005,1165,09/02/2026,12/18/2026,FULL,2026-10-03
2026 FALL - ALL,HRT,Hart Hall,HRT113,W,1005,1165,09/02/2026,12/18/2026,OPEN,2026-10-03
2026 FALL - ALL,HRT,Hart Hall,HRT317,T,1005,1165,09/02/2026,12/18/2026,FULL,2026-10-03
2026 FALL - ALL,HRT,Hart Hall,HRT115,F,780,900,09/02/2026,12/18/2026,OPEN,2026-10-03
2026 FALL - ALL,HRT,Hart Hall,HRT115,W,1005,1165,09/02/2026,12/18/2026,FULL,2026-10-03
2026 FALL - ALL,LIB,Maxwell Library,LIB202,TR,750,825,09/02/2026,12/18/2026,FULL,2026-10-03
2026 FALL - ALL,LIB,Maxwell Library,LIB309,TR,480,555,09/02/2026,12/18/2026,FULL,2026-10-03
2026 FALL - ALL,ECC,East Campus Commons,ECC113,MWF,545,595,09/02/2026,12/18/2026,OPEN,2026-10-03
2026 FALL - ALL,LIB,Maxwell Library,LIB203,MWF,545,595,09/02/2026,12/18/2026,FULL,2026-10-03
2026 FALL - ALL,LIB,Maxwell Library,LIB212,MWF,675,725,09/02/2026,12/18/2026,FULL,2026-10-03
2026 FALL - ALL,ECC,East Campus Commons,ECC113,MWF,610,660,09/02/2026,12/18/2026,OPEN,2026-10-03
2026 FALL - ALL,LIB,Maxwell Library,LIB203,MWF,610,660,09/02/2026,12/18/2026,FULL,2026-10-03
2026 FALL - ALL,LIB,Maxwell Library,LIB202,MWF,610,660,09/02/2026,12/18/2026,OPEN,2026-10-03
2026 FALL - ALL,LIB,Maxwell Library,LIB117,MWF,480,530,09/02/2026,12/18/2026,FULL,2026-10-03
2026 FALL - ALL,HRG,Harrington Hall,HRG009,R,840,1000,09/02/2026,12/18/2026,FULL,2026-10-03
2026 FALL - ALL,ECC,East Campus Commons,ECC113,MWF,675,725,09/02/2026,12/18/2026,FULL,2026-10-03
2026 FALL - ALL,LIB,Maxwell Library,LIB202,M,915,1070,09/02/2026,12/18/2026,FULL,2026-10-03
2026 FALL - ALL,LIB,Maxwell Library,LIB203,W,915,1070,09/02/2026,12/18/2026,FULL,2026-10-03
2026 FALL - ALL,LIB,Maxwell Library,LIB203,TR,925,1000,09/02/2026,12/18/2026,FULL,2026-10-03
2026 FALL - ALL,LIB,Maxwell Library,LIB206,TR,925,1000,09/02/2026,12/18/2026,FULL,2026-10-03
2026 FALL - ALL,LIB,Maxwell Library,LIB202,MWF,675,725,09/02/2026,12/18/2026,FULL,2026-10-03
2026 FALL - ALL,LIB,Maxwell Library,LIB203,MWF,675,725,09/02/2026,12/18/2026,FULL,2026-10-03
2026 FALL - ALL,LIB,Maxwell Library,LIB206,TR,840,915,09/02/2026,12/18/2026,FULL,2026-10-03
2026 FALL - ALL,LIB,Maxwell Library,LIB203,TR,750,825,09/02/2026,12/18/2026,FULL,2026-10-03
2026 FALL - ALL,MKC,Moakley Center,MKC131,MW,830,905,09/02/2026,12/18/2026,FULL,2026-10-03
2026 FALL - ALL,LIB,Maxwell Library,LIB212,TR,750,825,09/02/2026,12/18/2026,FULL,2026-10-03
2026 FALL - ALL,DMF,DMF Science & Math Center,DMF467,MW,920,995,09/02/2026,12/18/2026,OPEN,2026-10-03
2026 FALL - ALL,BDN,Boyden Hall,BDN218,TR,570,645,09/02/2026,12/18/2026,FULL,2026-10-03
2026 FALL - ALL,LIB,Maxwell Library,LIB203,TR,840,915,09/02/2026,12/18/2026,FULL,2026-10-03
2026 FALL - ALL,LIB,Maxwell Library,LIB203,M,1005,1165,09/02/2026,12/18/2026,OPEN,2026-10-03
2026 FALL - ALL,LIB,Maxwell Library,LIB203,T,1005,1165,09/02/2026,12/18/2026,OPEN,2026-10-03
2026 FALL - ALL,LIB,Maxwell Library,LIB202,M,830,905,09/02/2026,12/18/2026,OPEN,2026-10-03
2026 FALL - ALL,LIB,Maxwell Library,LIB203,M,920,995,09/02/2026,12/18/2026,OPEN,2026-10-03
2026 FALL - ALL,LIB,Maxwell Library,LIB206,W,830,905,09/02/2026,12/18/2026,OPEN,2026-10-03
2026 FALL - ALL,LIB,Maxwell Library,LIB203,R,480,555,09/02/2026,12/18/2026,FULL,2026-10-03
2026 FALL - ALL,LIB,Maxwell Library,LIB212,T,660,735,09/02/2026,12/18/2026,FULL,2026-10-03
2026 FALL - ALL,LIB,Maxwell Library,LIB203,R,660,735,09/02/2026,12/18/2026,OPEN,2026-10-03
2026 FALL - ALL,LIB,Maxwell Library,LIB206,TR,480,555,09/02/2026,12/18/2026,OPEN,2026-10-03
2026 FALL - ALL,LIB,Maxwell Library,LIB212,W,915,1070,09/02/2026,12/18/2026,FULL,2026-10-03
2026 FALL - ALL,MKC,Moakley Center,MKC120,R,480,640,09/02/2026,12/18/2026,OPEN,2026-10-03
2026 FALL - ALL,MKC,Moakley Center,MKC120,M,545,705,09/02/2026,12/18/2026,OPEN,2026-10-03
2026 FALL - ALL,MKC,Moakley Center,MKC120,R,840,1000,09/02/2026,12/18/2026,FULL,2026-10-03
2026 FALL - ALL,LIB,Maxwell Library,LIB212,T,840,1000,09/02/2026,12/18/2026,OPEN,2026-10-03
2026 FALL - ALL,LIB,Maxwell Library,LIB104,W,545,595,09/02/2026,12/18/2026,OPEN,2026-10-03
2026 FALL - ALL,LIB,Maxwell Library,LIB013A,W,740,815,09/02/2026,12/18/2026,FULL,2026-10-03
2026 FALL - ALL,MKC,Moakley Center,MKC120,R,660,820,09/02/2026,12/18/2026,OPEN,2026-10-03
2026 FALL - ALL,LIB,Maxwell Library,LIB202,M,545,595,09/02/2026,12/18/2026,OPEN,2026-10-03
2026 FALL - ALL,LIB,Maxwell Library,LIB202,T,840,1000,09/02/2026,12/18/2026,OPEN,2026-10-03
2026 FALL - ALL,LIB,Maxwell Library,LIB212,MW,610,660,09/02/2026,12/18/2026,OPEN,2026-10-03
2026 FALL - ALL,LIB,Maxwell Library,LIB206,T,660,735,09/02/2026,12/18/2026,OPEN,2026-10-03
2026 FALL - ALL,LIB,Maxwell Library,LIB212,MW,740,815,09/02/2026,12/18/2026,OPEN,2026-10-03
2026 FALL - ALL,LIB,Maxwell Library,LIB206,R,660,735,09/02/2026,12/18/2026,OPEN,2026-10-03
2026 FALL - ALL,LIB,Maxwell Library,LIB202,R,660,735,09/02/2026,12/18/2026,FULL,2026-10-03
2026 FALL - ALL,LIB,Maxwell Library,LIB206,TR,750,825,09/02/2026,12/18/2026,OPEN,2026-10-03
2026 FALL - ALL,LIB,Maxwell Library,LIB008,M,675,725,09/02/2026,12/18/2026,OPEN,2026-10-03
2026 FALL - ALL,LIB,Maxwell Library,LIB203,TR,570,645,09/02/2026,12/18/2026,OPEN,2026-10-03
2026 FALL - ALL,LIB,Maxwell Library,LIB202,W,545,595,09/02/2026,12/18/2026,FULL,2026-10-03
2026 FALL - ALL,LIB,Maxwell Library,LIB202,W,830,990,09/02/2026,12/18/2026,FULL,2026-10-03
2026 FALL - ALL,LIB,Maxwell Library,LIB206,TR,570,645,09/02/2026,12/18/2026,OPEN,2026-10-03
2026 FALL - ALL,LIB,Maxwell Library,LIB212,T,570,645,09/02/2026,12/18/2026,OPEN,2026-10-03
2026 FALL - ALL,MKC,Moakley Center,MKC111,T,480,640,09/02/2026,12/18/2026,OPEN,2026-10-03
2026 FALL - ALL,MKC,Moakley Center,MKC111,F,545,705,09/02/2026,12/18/2026,OPEN,2026-10-03
2026 FALL - ALL,MKC,Moakley Center,MKC111,F,740,895,09/02/2026,12/18/2026,FULL,2026-10-03
2026 FALL - ALL,BDN,Boyden Hall,BDN222,MW,610,660,09/02/2026,12/18/2026,OPEN,2026-10-03
2026 FALL - ALL,LIB,Maxwell Library,LIB212,R,660,735,09/02/2026,12/18/2026,OPEN,2026-10-03
2026 FALL - ALL,LIB,Maxwell Library,LIB214,MW,740,815,09/02/2026,12/18/2026,OPEN,2026-10-03
2026 FALL - ALL,LIB,Maxwell Library,LIB215G,TR,750,825,09/02/2026,12/18/2026,OPEN,2026-10-03
2026 FALL - ALL,LIB,Maxwell Library,LIB206,MW,740,815,09/02/2026,12/18/2026,OPEN,2026-10-03
2026 FALL - ALL,LIB,Maxwell Library,LIB008,TR,660,735,09/02/2026,12/18/2026,OPEN,2026-10-03
2026 FALL - ALL,MKC,Moakley Center,MKC120,M,740,900,09/02/2026,12/18/2026,FULL,2026-10-03
2026 FALL - ALL,MKC,Moakley Center,MKC120,W,830,990,09/02/2026,12/18/2026,OPEN,2026-10-03
2026 FALL - ALL,LIB,Maxwell Library,LIB205,MW,740,815,09/02/2026,12/18/2026,OPEN,2026-10-03
2026 FALL - ALL,MKC,Moakley Center,MKC120,T,660,820,09/02/2026,12/18/2026,OPEN,2026-10-03
2026 FALL - ALL,LIB,Maxwell Library,LIB212,R,570,645,09/02/2026,12/18/2026,OPEN,2026-10-03
2026 FALL - ALL,LIB,Maxwell Library,LIB202,TR,570,645,09/02/2026,12/18/2026,OPEN,2026-10-03
2026 FALL - ALL,MKC,Moakley Center,MKC120,W,480,640,09/02/2026,12/18/2026,OPEN,2026-10-03
2026 FALL - ALL,DMF,DMF Science & Math Center,DMF230,TR,480,555,09/02/2026,12/18/2026,FULL,2026-10-03
2026 FALL - ALL,DMF,DMF Science & Math Center,DMF230,MWF,545,595,09/02/2026,12/18/2026,FULL,2026-10-03
2026 FALL - ALL,DMF,DMF Science & Math Center,DMF230,TR,570,645,09/02/2026,12/18/2026,FULL,2026-10-03
2026 FALL - ALL,DMF,DMF Science & Math Center,DMF124,TR,570,645,09/02/2026,12/18/2026,OPEN,2026-10-03
2026 FALL - ALL,DMF,DMF Science & Math Center,DMF359,M,545,595,09/02/2026,12/18/2026,OPEN,2026-10-03
2026 FALL - ALL,DMF,DMF Science & Math Center,DMF361,W,545,595,09/02/2026,12/18/2026,OPEN,2026-10-03
2026 FALL - ALL,DMF,DMF Science & Math Center,DMF359,M,610,660,09/02/2026,12/18/2026,OPEN,2026-10-03
2026 FALL - ALL,DMF,DMF Science & Math Center,DMF359,W,610,660,09/02/2026,12/18/2026,OPEN,2026-10-03
2026 FALL - ALL,DMF,DMF Science & Math Center,DMF359,F,610,660,09/02/2026,12/18/2026,OPEN,2026-10-03
2026 FALL - ALL,DMF,DMF Science & Math Center,DMF330,R,505,555,09/02/2026,12/18/2026,FULL,2026-10-03
2026 FALL - ALL,DMF,DMF Science & Math Center,DMF359,W,545,595,09/02/2026,12/18/2026,FULL,2026-10-03
2026 FALL - ALL,DMF,DMF Science & Math Center,DMF330,R,925,975,09/02/2026,12/18/2026,OPEN,2026-10-03
2026 FALL - ALL,DMF,DMF Science & Math Center,DMF330,T,925,975,09/02/2026,12/18/2026,FULL,2026-10-03
2026 FALL - ALL,DMF,DMF Science & Math Center,DMF363,T,505,555,09/02/2026,12/18/2026,OPEN,2026-10-03
2026 FALL - ALL,DMF,DMF Science & Math Center,DMF359,M,480,530,09/02/2026,12/18/2026,FULL,2026-10-03
2026 FALL - ALL,DMF,DMF Science & Math Center,DMF359,W,480,530,09/02/2026,12/18/2026,OPEN,2026-10-03
2026 FALL - ALL,DMF,DMF Science & Math Center,DMF359,F,480,530,09/02/2026,12/18/2026,OPEN,2026-10-03
2026 FALL - ALL,DMF,DMF Science & Math Center,DMF361,T,505,555,09/02/2026,12/18/2026,FULL,2026-10-03
2026 FALL - ALL,DMF,DMF Science & Math Center,DMF363,T,925,975,09/02/2026,12/18/2026,OPEN,2026-10-03
2026 FALL - ALL,DMF,DMF Science & Math Center,DMF359,F,675,725,09/02/2026,12/18/2026,OPEN,2026-10-03
2026 FALL - ALL,DMF,DMF Science & Math Center,DMF359,M,675,725,09/02/2026,12/18/2026,OPEN,2026-10-03
2026 FALL - ALL,DMF,DMF Science & Math Center,DMF359,W,675,725,09/02/2026,12/18/2026,OPEN,2026-10-03
2026 FALL - ALL,DMF,DMF Science & Math Center,DMF363,T,840,890,09/02/2026,12/18/2026,FULL,2026-10-03
2026 FALL - ALL,DMF,DMF Science & Math Center,DMF430,R,505,555,09/02/2026,12/18/2026,OPEN,2026-10-03
2026 FALL - ALL,DMF,DMF Science & Math Center,DMF359,R,1005,1055,09/02/2026,12/18/2026,OPEN,2026-10-03
2026 FALL - ALL,DMF,DMF Science & Math Center,DMF230,TR,660,735,09/02/2026,12/18/2026,OPEN,2026-10-03
2026 FALL - ALL,DMF,DMF Science & Math Center,DMF330,TR,750,825,09/02/2026,12/18/2026,FULL,2026-10-03
2026 FALL - ALL,DMF,DMF Science & Math Center,DMF330,TR,840,915,09/02/2026,12/18/2026,OPEN,2026-10-03
2026 FALL - ALL,DMF,DMF Science & Math Center,DMF230,MW,740,815,09/02/2026,12/18/2026,FULL,2026-10-03
2026 FALL - ALL,MKC,Moakley Center,MKC220,MW,920,995,09/02/2026,12/18/2026,OPEN,2026-10-03
2026 FALL - ALL,DMF,DMF Science & Math Center,DMF359,MW,740,815,09/02/2026,12/18/2026,OPEN,2026-10-03
2026 FALL - ALL,MKC,Moakley Center,MKC224,TR,925,1000,09/02/2026,12/18/2026,OPEN,2026-10-03
2026 FALL - ALL,DMF,DMF Science & Math Center,DMF330,MW,920,995,09/02/2026,12/18/2026,OPEN,2026-10-03
2026 FALL - ALL,DMF,DMF Science & Math Center,DMF124,T,1005,1165,09/02/2026,12/18/2026,OPEN,2026-10-03
2026 FALL - ALL,DMF,DMF Science & Math Center,DMF330,TR,570,645,09/02/2026,12/18/2026,FULL,2026-10-03
2026 FALL - ALL,DMF,DMF Science & Math Center,DMF330,R,660,725,09/02/2026,12/18/2026,FULL,2026-10-03
2026 FALL - ALL,DMF,DMF Science & Math Center,DMF361,R,925,975,09/02/2026,12/18/2026,OPEN,2026-10-03
2026 FALL - ALL,DMF,DMF Science & Math Center,DMF430,TR,840,915,09/02/2026,12/18/2026,OPEN,2026-10-03
2026 FALL - ALL,DMF,DMF Science & Math Center,DMF294,MW,830,905,09/02/2026,12/18/2026,FULL,2026-10-03
2026 FALL - ALL,DMF,DMF Science & Math Center,DMF294,W,765,815,09/02/2026,12/18/2026,FULL,2026-10-03
2026 FALL - ALL,DMF,DMF Science & Math Center,DMF294,T,660,710,09/02/2026,12/18/2026,FULL,2026-10-03
2026 FALL - ALL,DMF,DMF Science & Math Center,DMF294,TR,570,645,09/02/2026,12/18/2026,FULL,2026-10-03
2026 FALL - ALL,DMF,DMF Science & Math Center,DMF294,F,610,660,09/02/2026,12/18/2026,FULL,2026-10-03
2026 FALL - ALL,DMF,DMF Science & Math Center,DMF294,MW,610,685,09/02/2026,12/18/2026,FULL,2026-10-03
2026 FALL - ALL,DMF,DMF Science & Math Center,DMF294,R,925,975,09/02/2026,12/18/2026,FULL,2026-10-03
2026 FALL - ALL,DMF,DMF Science & Math Center,DMF294,TR,840,915,09/02/2026,12/18/2026,FULL,2026-10-03
2026 FALL - ALL,DMF,DMF Science & Math Center,DMF294,R,685,735,09/02/2026,12/18/2026,FULL,2026-10-03
2026 FALL - ALL,DMF,DMF Science & Math Center,DMF294,TR,750,825,09/02/2026,12/18/2026,FULL,2026-10-03
2026 FALL - ALL,DMF,DMF Science & Math Center,DMF294,TR,1005,1105,09/02/2026,12/18/2026,OPEN,2026-10-03
2026 FALL - ALL,DMF,DMF Science & Math Center,DMF430,MW,740,815,09/02/2026,12/18/2026,OPEN,2026-10-03
2026 FALL - ALL,DMF,DMF Science & Math Center,DMF430,MW,830,905,09/02/2026,12/18/2026,OPEN,2026-10-03
2026 FALL - ALL,DMF,DMF Science & Math Center,DMF124,TR,480,555,09/02/2026,12/18/2026,OPEN,2026-10-03
2026 FALL - ALL,DMF,DMF Science & Math Center,DMF361,TR,570,645,09/02/2026,12/18/2026,OPEN,2026-10-03
2026 FALL - ALL,DMF,DMF Science & Math Center,DMF361,TR,660,735,09/02/2026,12/18/2026,FULL,2026-10-03
2026 FALL - ALL,DMF,DMF Science & Math Center,DMF361,W,665,815,09/02/2026,12/18/2026,OPEN,2026-10-03
2026 FALL - ALL,DMF,DMF Science & Math Center,DMF430,MWF,480,530,09/02/2026,12/18/2026,OPEN,2026-10-03
2026 FALL - ALL,DMF,DMF Science & Math Center,DMF230,TR,750,825,09/02/2026,12/18/2026,OPEN,2026-10-03
2026 FALL - ALL,DMF,DMF Science & Math Center,DMF230,TR,840,915,09/02/2026,12/18/2026,OPEN,2026-10-03
2026 FALL - ALL,DMF,DMF Science & Math Center,DMF124,TR,750,825,09/02/2026,12/18/2026,FULL,2026-10-03
2026 FALL - ALL,DMF,DMF Science & Math Center,DMF230,MW,920,995,09/02/2026,12/18/2026,OPEN,2026-10-03
2026 FALL - ALL,DMF,DMF Science & Math Center,DMF363,TR,570,645,09/02/2026,12/18/2026,FULL,2026-10-03
2026 FALL - ALL,MKC,Moakley Center,MKC224,M,915,1070,09/02/2026,12/18/2026,FULL,2026-10-03
2026 FALL - ALL,DMF,DMF Science & Math Center,DMF363,MW,660,735,09/02/2026,12/18/2026,FULL,2026-10-03
2026 FALL - ALL,DMF,DMF Science & Math Center,DMF363,MW,740,815,09/02/2026,12/18/2026,OPEN,2026-10-03
2026 FALL - ALL,DMF,DMF Science & Math Center,DMF363,R,840,1000,09/02/2026,12/18/2026,OPEN,2026-10-03
2026 FALL - ALL,DMF,DMF Science & Math Center,DMF359,TR,840,915,09/02/2026,12/18/2026,OPEN,2026-10-03
2026 FALL - ALL,DMF,DMF Science & Math Center,DMF230,TR,925,1000,09/02/2026,12/18/2026,OPEN,2026-10-03
2026 FALL - ALL,DMF,DMF Science & Math Center,DMF230,MW,830,905,09/02/2026,12/18/2026,FULL,2026-10-03
2026 FALL - ALL,DMF,DMF Science & Math Center,DMF361,M,915,1070,09/02/2026,12/18/2026,OPEN,2026-10-03
2026 FALL - ALL,DMF,DMF Science & Math Center,DMF430,MWF,545,595,09/02/2026,12/18/2026,OPEN,2026-10-03
2026 FALL - ALL,DMF,DMF Science & Math Center,DMF363,MW,920,995,09/02/2026,12/18/2026,OPEN,2026-10-03
2026 FALL - ALL,DMF,DMF Science & Math Center,DMF124,TR,660,735,09/02/2026,12/18/2026,FULL,2026-10-03
2026 FALL - ALL,DMF,DMF Science & Math Center,DMF330,MW,740,815,09/02/2026,12/18/2026,FULL,2026-10-03
2026 FALL - ALL,DMF,DMF Science & Math Center,DMF361,MW,830,905,09/02/2026,12/18/2026,OPEN,2026-10-03
2026 FALL - ALL,DMF,DMF Science & Math Center,DMF430,TR,750,825,09/02/2026,12/18/2026,FULL,2026-10-03
2026 FALL - ALL,DMF,DMF Science & Math Center,DMF430,TR,925,1000,09/02/2026,12/18/2026,FULL,2026-10-03
2026 FALL - ALL,DMF,DMF Science & Math Center,DMF363,M,1080,1240,09/02/2026,12/18/2026,OPEN,2026-10-03
2026 FALL - ALL,DMF,DMF Science & Math Center,DMF359,T,1005,1165,09/02/2026,12/18/2026,OPEN,2026-10-03
2026 FALL - ALL,DMF,DMF Science & Math Center,DMF430,R,1005,1165,09/02/2026,12/18/2026,OPEN,2026-10-03
2026 FALL - ALL,DMF,DMF Science & Math Center,DMF361,T,960,1120,09/02/2026,12/18/2026,OPEN,2026-10-03
2026 FALL - ALL,DMF,DMF Science & Math Center,DMF361,W,960,1120,09/02/2026,12/18/2026,OPEN,2026-10-03
2026 FALL - ALL,BDN,Boyden Hall,BDN218,M,830,990,09/02/2026,12/18/2026,OPEN,2026-10-03
2026 FALL - ALL,BDN,Boyden Hall,BDN222,W,830,990,09/02/2026,12/18/2026,FULL,2026-10-03
2026 FALL - ALL,BDN,Boyden Hall,BDN218,MW,740,815,09/02/2026,12/18/2026,OPEN,2026-10-03
2026 FALL - ALL,HNT,Hunt Hall,HNT209,MWF,610,660,09/02/2026,12/18/2026,FULL,2026-10-03
2026 FALL - ALL,HNT,Hunt Hall,HNT209,TR,660,735,09/02/2026,12/18/2026,FULL,2026-10-03
2026 FALL - ALL,BDN,Boyden Hall,BDN218,MWF,675,725,09/02/2026,12/18/2026,FULL,2026-10-03
2026 FALL - ALL,HNT,Hunt Hall,HNT202,MWF,480,530,09/02/2026,12/18/2026,FULL,2026-10-03
2026 FALL - ALL,BDN,Boyden Hall,BDN222,TR,570,645,09/02/2026,12/18/2026,FULL,2026-10-03
2026 FALL - ALL,BDN,Boyden Hall,BDN222,MWF,545,595,09/02/2026,12/18/2026,FULL,2026-10-03
2026 FALL - ALL,HNT,Hunt Hall,HNT201,MW,920,995,09/02/2026,12/18/2026,FULL,2026-10-03
2026 FALL - ALL,BDN,Boyden Hall,BDN218,MWF,545,595,09/02/2026,12/18/2026,FULL,2026-10-03
2026 FALL - ALL,BDN,Boyden Hall,BDN222,TR,480,555,09/02/2026,12/18/2026,OPEN,2026-10-03
2026 FALL - ALL,LIB,Maxwell Library,LIB306,TR,925,1000,09/02/2026,12/18/2026,FULL,2026-10-03
2026 FALL - ALL,BDN,Boyden Hall,BDN222,TR,925,1000,09/02/2026,12/18/2026,FULL,2026-10-03
2026 FALL - ALL,LIB,Maxwell Library,LIB310,TR,840,915,09/02/2026,12/18/2026,FULL,2026-10-03
2026 FALL - ALL,BDN,Boyden Hall,BDN222,TR,750,825,09/02/2026,12/18/2026,FULL,2026-10-03
2026 FALL - ALL,BDN,Boyden Hall,BDN218,MWF,610,660,09/02/2026,12/18/2026,FULL,2026-10-03
2026 FALL - ALL,HNT,Hunt Hall,HNT202,W,830,990,09/02/2026,12/18/2026,OPEN,2026-10-03
2026 FALL - ALL,HNT,Hunt Hall,HNT201,MWF,675,725,09/02/2026,12/18/2026,OPEN,2026-10-03
2026 FALL - ALL,LIB,Maxwell Library,LIB306,TR,750,825,09/02/2026,12/18/2026,OPEN,2026-10-03
2026 FALL - ALL,HNT,Hunt Hall,HNT210,MW,740,815,09/02/2026,12/18/2026,FULL,2026-10-03
2026 FALL - ALL,HNT,Hunt Hall,HNT202,MWF,545,595,09/02/2026,12/18/2026,FULL,2026-10-03
2026 FALL - ALL,BDN,Boyden Hall,BDN222,TR,660,735,09/02/2026,12/18/2026,OPEN,2026-10-03
2026 FALL - ALL,HNT,Hunt Hall,HNT201,TR,840,915,09/02/2026,12/18/2026,FULL,2026-10-03
2026 FALL - ALL,HNT,Hunt Hall,HNT202,MWF,610,660,09/02/2026,12/18/2026,FULL,2026-10-03
2026 FALL - ALL,MKC,Moakley Center,MKC135A,TR,840,915,09/02/2026,12/18/2026,OPEN,2026-10-03
2026 FALL - ALL,HNT,Hunt Hall,HNT201,TR,480,555,09/02/2026,12/18/2026,OPEN,2026-10-03
2026 FALL - ALL,HNT,Hunt Hall,HNT202,TR,480,555,09/02/2026,12/18/2026,FULL,2026-10-03
2026 FALL - ALL,BDN,Boyden Hall,BDN218,MWF,480,530,09/02/2026,12/18/2026,OPEN,2026-10-03
2026 FALL - ALL,BDN,Boyden Hall,BDN218,TR,480,555,09/02/2026,12/18/2026,OPEN,2026-10-03
2026 FALL - ALL,HNT,Hunt Hall,HNT202,TR,925,1000,09/02/2026,12/18/2026,OPEN,2026-10-03
2026 FALL - ALL,HNT,Hunt Hall,HNT201,W,1080,1240,09/02/2026,12/18/2026,OPEN,2026-10-03
2026 FALL - ALL,LIB,Maxwell Library,LIB206,S,600,750,09/02/2026,12/18/2026,OPEN,2026-10-03
2026 FALL - ALL,LIB,Maxwell Library,LIB205,M,1005,1165,09/02/2026,12/18/2026,FULL,2026-10-03
2026 FALL - ALL,HNT,Hunt Hall,HNT201,F,480,530,09/02/2026,12/18/2026,FULL,2026-10-03
2026 FALL - ALL,BDN,Boyden Hall,BDN222,W,480,530,09/02/2026,12/18/2026,FULL,2026-10-03
2026 FALL - ALL,HNT,Hunt Hall,HNT201,F,740,895,09/02/2026,12/18/2026,FULL,2026-10-03
2026 FALL - ALL,LIB,Maxwell Library,LIB013A,M,740,790,09/02/2026,12/18/2026,FULL,2026-10-03
2026 FALL - ALL,HNT,Hunt Hall,HNT201,TR,660,735,09/02/2026,12/18/2026,FULL,2026-10-03
2026 FALL - ALL,BDN,Boyden Hall,BDN221,TR,840,915,09/02/2026,12/18/2026,FULL,2026-10-03
2026 FALL - ALL,LIB,Maxwell Library,LIB310,TR,480,555,09/02/2026,12/18/2026,FULL,2026-10-03
2026 FALL - ALL,LIB,Maxwell Library,LIB310,TR,570,645,09/02/2026,12/18/2026,FULL,2026-10-03
2026 FALL - ALL,LIB,Maxwell Library,LIB310,MWF,545,595,09/02/2026,12/18/2026,FULL,2026-10-03
2026 FALL - ALL,LIB,Maxwell Library,LIB310,TR,750,825,09/02/2026,12/18/2026,FULL,2026-10-03
2026 FALL - ALL,MKC,Moakley Center,MKC130G,TR,480,555,09/02/2026,12/18/2026,OPEN,2026-10-03
2026 FALL - ALL,LIB,Maxwell Library,LIB013A,MWF,480,530,09/02/2026,12/18/2026,OPEN,2026-10-03
2026 FALL - ALL,LIB,Maxwell Library,LIB217,M,545,595,09/02/2026,12/18/2026,FULL,2026-10-03
2026 FALL - ALL,LIB,Maxwell Library,LIB217,W,545,595,09/02/2026,12/18/2026,OPEN,2026-10-03
2026 FALL - ALL,LIB,Maxwell Library,LIB217,T,570,645,09/02/2026,12/18/2026,OPEN,2026-10-03
2026 FALL - ALL,LIB,Maxwell Library,LIB217,R,570,645,09/02/2026,12/18/2026,OPEN,2026-10-03
2026 FALL - ALL,LIB,Maxwell Library,LIB309,MWF,610,660,09/02/2026,12/18/2026,FULL,2026-10-03
2026 FALL - ALL,LIB,Maxwell Library,LIB309,MWF,830,880,09/02/2026,12/18/2026,OPEN,2026-10-03
2026 FALL - ALL,LIB,Maxwell Library,LIB306,MWF,545,595,09/02/2026,12/18/2026,OPEN,2026-10-03
2026 FALL - ALL,LIB,Maxwell Library,LIB306,MW,830,905,09/02/2026,12/18/2026,OPEN,2026-10-03
2026 FALL - ALL,LIB,Maxwell Library,LIB310,TR,660,735,09/02/2026,12/18/2026,FULL,2026-10-03
2026 FALL - ALL,LIB,Maxwell Library,LIB217,MW,740,815,09/02/2026,12/18/2026,FULL,2026-10-03
2026 FALL - ALL,LIB,Maxwell Library,LIB310,F,740,895,09/02/2026,12/18/2026,OPEN,2026-10-03
2026 FALL - ALL,LIB,Maxwell Library,LIB217,TR,480,555,09/02/2026,12/18/2026,OPEN,2026-10-03
2026 FALL - ALL,LIB,Maxwell Library,LIB204,W,740,815,09/02/2026,12/18/2026,FULL,2026-10-03
2026 FALL - ALL,LIB,Maxwell Library,LIB309,TR,660,735,09/02/2026,12/18/2026,FULL,2026-10-03
2026 FALL - ALL,LIB,Maxwell Library,LIB308,TR,840,915,09/02/2026,12/18/2026,FULL,2026-10-03
2026 FALL - ALL,LIB,Maxwell Library,LIB307,MW,740,815,09/02/2026,12/18/2026,OPEN,2026-10-03
2026 FALL - ALL,LIB,Maxwell Library,LIB309,MWF,545,595,09/02/2026,12/18/2026,FULL,2026-10-03
2026 FALL - ALL,MKC,Moakley Center,MKC130G,TR,660,735,09/02/2026,12/18/2026,FULL,2026-10-03
2026 FALL - ALL,LIB,Maxwell Library,LIB308,MWF,480,530,09/02/2026,12/18/2026,OPEN,2026-10-03
2026 FALL - ALL,LIB,Maxwell Library,LIB309,MW,480,530,09/02/2026,12/18/2026,OPEN,2026-10-03
2026 FALL - ALL,LIB,Maxwell Library,LIB309,MWF,675,725,09/02/2026,12/18/2026,FULL,2026-10-03
2026 FALL - ALL,LIB,Maxwell Library,LIB307,MW,830,905,09/02/2026,12/18/2026,FULL,2026-10-03
2026 FALL - ALL,LIB,Maxwell Library,LIB307,MWF,610,660,09/02/2026,12/18/2026,FULL,2026-10-03
2026 FALL - ALL,LIB,Maxwell Library,LIB308,TR,660,735,09/02/2026,12/18/2026,OPEN,2026-10-03
2026 FALL - ALL,LIB,Maxwell Library,LIB307,TR,840,915,09/02/2026,12/18/2026,OPEN,2026-10-03
2026 FALL - ALL,LIB,Maxwell Library,LIB308,TR,480,555,09/02/2026,12/18/2026,OPEN,2026-10-03
2026 FALL - ALL,HRG,Harrington Hall,HRG202,TR,840,915,09/02/2026,12/18/2026,OPEN,2026-10-03
2026 FALL - ALL,HRG,Harrington Hall,HRG202,TR,750,825,09/02/2026,12/18/2026,OPEN,2026-10-03
2026 FALL - ALL,LIB,Maxwell Library,LIB308,MWF,545,595,09/02/2026,12/18/2026,OPEN,2026-10-03
2026 FALL - ALL,LIB,Maxwell Library,LIB308,MWF,675,725,09/02/2026,12/18/2026,FULL,2026-10-03
2026 FALL - ALL,LIB,Maxwell Library,LIB306,MWF,740,790,09/02/2026,12/18/2026,OPEN,2026-10-03
2026 FALL - ALL,LIB,Maxwell Library,LIB310,MW,830,905,09/02/2026,12/18/2026,OPEN,2026-10-03
2026 FALL - ALL,LIB,Maxwell Library,LIB306,MWF,610,660,09/02/2026,12/18/2026,OPEN,2026-10-03
2026 FALL - ALL,LIB,Maxwell Library,LIB310,MWF,610,660,09/02/2026,12/18/2026,OPEN,2026-10-03
2026 FALL - ALL,LIB,Maxwell Library,LIB306,MWF,675,725,09/02/2026,12/18/2026,OPEN,2026-10-03
2026 FALL - ALL,MKC,Moakley Center,MKC130G,TR,570,645,09/02/2026,12/18/2026,FULL,2026-10-03
2026 FALL - ALL,LIB,Maxwell Library,LIB308,TR,750,825,09/02/2026,12/18/2026,FULL,2026-10-03
2026 FALL - ALL,LIB,Maxwell Library,LIB310,MWF,675,725,09/02/2026,12/18/2026,OPEN,2026-10-03
2026 FALL - ALL,LIB,Maxwell Library,LIB306,MW,920,995,09/02/2026,12/18/2026,OPEN,2026-10-03
2026 FALL - ALL,LIB,Maxwell Library,LIB307,TR,750,825,09/02/2026,12/18/2026,OPEN,2026-10-03
2026 FALL - ALL,LIB,Maxwell Library,LIB308,MW,830,905,09/02/2026,12/18/2026,OPEN,2026-10-03
2026 FALL - ALL,LIB,Maxwell Library,LIB204,M,740,815,09/02/2026,12/18/2026,OPEN,2026-10-03
2026 FALL - ALL,LIB,Maxwell Library,LIB306,M,1080,1155,09/02/2026,12/18/2026,FULL,2026-10-03
2026 FALL - ALL,LIB,Maxwell Library,LIB306,M,1080,1155,09/02/2026,12/18/2026,FULL,2026-10-03
2026 FALL - ALL,LIB,Maxwell Library,LIB306,M,1170,1245,09/02/2026,12/18/2026,FULL,2026-10-03
2026 FALL - ALL,LIB,Maxwell Library,LIB306,M,1170,1245,09/02/2026,12/18/2026,OPEN,2026-10-03
2026 FALL - ALL,LIB,Maxwell Library,LIB309,W,1080,1240,09/02/2026,12/18/2026,OPEN,2026-10-03
2026 FALL - ALL,LIB,Maxwell Library,LIB309,R,1080,1240,09/02/2026,12/18/2026,OPEN,2026-10-03
2026 FALL - ALL,LIB,Maxwell Library,LIB311,W,1095,1255,09/02/2026,12/18/2026,OPEN,2026-10-03
2026 FALL - ALL,DMF,DMF Science & Math Center,DMF361,T,840,890,09/02/2026,12/18/2026,OPEN,2026-10-03
2026 FALL - ALL,DMF,DMF Science & Math Center,DMF361,TR,750,825,09/02/2026,12/18/2026,OPEN,2026-10-03
2026 FALL - ALL,DMF,DMF Science & Math Center,DMF330,MW,830,905,09/02/2026,12/18/2026,OPEN,2026-10-03
2026 FALL - ALL,DMF,DMF Science & Math Center,DMF124,M,765,815,09/02/2026,12/18/2026,OPEN,2026-10-03
2026 FALL - ALL,DMF,DMF Science & Math Center,DMF430,MW,610,660,09/02/2026,12/18/2026,OPEN,2026-10-03
2026 FALL - ALL,DMF,DMF Science & Math Center,DMF430,MW,675,725,09/02/2026,12/18/2026,OPEN,2026-10-03
2026 FALL - ALL,DMF,DMF Science & Math Center,DMF359,MW,830,905,09/02/2026,12/18/2026,FULL,2026-10-03
2026 FALL - ALL,DMF,DMF Science & Math Center,DMF359,TR,925,1000,09/02/2026,12/18/2026,FULL,2026-10-03
2026 FALL - ALL,DMF,DMF Science & Math Center,DMF359,TR,660,735,09/02/2026,12/18/2026,FULL,2026-10-03
2026 FALL - ALL,DMF,DMF Science & Math Center,DMF359,TR,750,825,09/02/2026,12/18/2026,FULL,2026-10-03
2026 FALL - ALL,DMF,DMF Science & Math Center,DMF330,W,1005,1165,09/02/2026,12/18/2026,OPEN,2026-10-03
2026 FALL - ALL,DMF,DMF Science & Math Center,DMF124,TR,925,1000,09/02/2026,12/18/2026,OPEN,2026-10-03
2026 FALL - ALL,DMF,DMF Science & Math Center,DMF124,MW,920,995,09/02/2026,12/18/2026,OPEN,2026-10-03
2026 FALL - ALL,DMF,DMF Science & Math Center,DMF124,MW,830,905,09/02/2026,12/18/2026,OPEN,2026-10-03
2026 FALL - ALL,DMF,DMF Science & Math Center,DMF359,MW,920,995,09/02/2026,12/18/2026,OPEN,2026-10-03
2026 FALL - ALL,DMF,DMF Science & Math Center,DMF363,TR,750,825,09/02/2026,12/18/2026,FULL,2026-10-03
2026 FALL - ALL,DMF,DMF Science & Math Center,DMF430,MW,920,995,09/02/2026,12/18/2026,OPEN,2026-10-03
2026 FALL - ALL,DMF,DMF Science & Math Center,DMF359,TR,570,645,09/02/2026,12/18/2026,FULL,2026-10-03
2026 FALL - ALL,DMF,DMF Science & Math Center,DMF124,TR,840,915,09/02/2026,12/18/2026,OPEN,2026-10-03
2026 FALL - ALL,DMF,DMF Science & Math Center,DMF230,R,1080,1240,09/02/2026,12/18/2026,OPEN,2026-10-03
2026 FALL - ALL,DMF,DMF Science & Math Center,DMF230,R,1080,1240,09/02/2026,12/18/2026,FULL,2026-10-03
2026 FALL - ALL,LIB,Maxwell Library,LIB309,T,1080,1240,09/02/2026,12/18/2026,OPEN,2026-10-03
2026 FALL - ALL,DMF,DMF Science & Math Center,DMF124,W,1080,1240,09/02/2026,12/18/2026,OPEN,2026-10-03
2026 FALL - ALL,DMF,DMF Science & Math Center,DMF124,M,1080,1240,09/02/2026,12/18/2026,OPEN,2026-10-03
2026 FALL - ALL,BUR,Burrill Avenue Building,BUR143,MWF,675,725,09/02/2026,12/18/2026,FULL,2026-10-03
2026 FALL - ALL,BUR,Burrill Avenue Building,BUR142,TR,660,735,09/02/2026,12/18/2026,FULL,2026-10-03
2026 FALL - ALL,BUR,Burrill Avenue Building,BUR142,T,930,1170,09/02/2026,12/18/2026,OPEN,2026-10-03
2026 FALL - ALL,BUR,Burrill Avenue Building,BUR143,R,930,1170,09/02/2026,12/18/2026,OPEN,2026-10-03
2026 FALL - ALL,BUR,Burrill Avenue Building,BUR143,MW,920,995,09/02/2026,12/18/2026,OPEN,2026-10-03
2026 FALL - ALL,BUR,Burrill Avenue Building,BUR143,TR,660,735,09/02/2026,12/18/2026,OPEN,2026-10-03
2026 FALL - ALL,BUR,Burrill Avenue Building,BUR143,MWF,610,660,09/02/2026,12/18/2026,OPEN,2026-10-03
2026 FALL - ALL,BUR,Burrill Avenue Building,BUR143,TR,570,645,09/02/2026,12/18/2026,OPEN,2026-10-03
2026 FALL - ALL,BUR,Burrill Avenue Building,BUR143,MW,740,815,09/02/2026,12/18/2026,OPEN,2026-10-03
2026 FALL - ALL,BUR,Burrill Avenue Building,BUR143,TR,840,915,09/02/2026,12/18/2026,FULL,2026-10-03
2026 FALL - ALL,BUR,Burrill Avenue Building,BUR142,MW,740,815,09/02/2026,12/18/2026,OPEN,2026-10-03
2026 FALL - ALL,BUR,Burrill Avenue Building,BUR142,TR,570,645,09/02/2026,12/18/2026,FULL,2026-10-03
2026 FALL - ALL,BUR,Burrill Avenue Building,BUR143,MW,830,905,09/02/2026,12/18/2026,OPEN,2026-10-03
2026 FALL - ALL,BUR,Burrill Avenue Building,BUR142,MW,830,905,09/02/2026,12/18/2026,OPEN,2026-10-03
2026 FALL - ALL,BUR,Burrill Avenue Building,BUR143,TR,750,825,09/02/2026,12/18/2026,OPEN,2026-10-03
2026 FALL - ALL,HRT,Hart Hall,HRT117,TR,840,915,09/02/2026,12/18/2026,OPEN,2026-10-03
2026 FALL - ALL,HRT,Hart Hall,HRT113,MW,920,995,09/02/2026,12/18/2026,OPEN,2026-10-03
2026 FALL - ALL,HRT,Hart Hall,HRT117,F,740,895,09/02/2026,12/18/2026,OPEN,2026-10-03
2026 FALL - ALL,HRT,Hart Hall,HRT113,T,660,735,09/02/2026,12/18/2026,OPEN,2026-10-03
2026 FALL - ALL,HRT,Hart Hall,HRT117,T,750,825,09/02/2026,12/18/2026,OPEN,2026-10-03
2026 FALL - ALL,HRT,Hart Hall,HRT115,R,840,1000,09/02/2026,12/18/2026,OPEN,2026-10-03
2026 FALL - ALL,BUR,Burrill Avenue Building,BUR102,T,840,1000,09/02/2026,12/18/2026,OPEN,2026-10-03
2026 FALL - ALL,HRT,Hart Hall,HRT115,TR,750,825,09/02/2026,12/18/2026,OPEN,2026-10-03
2026 FALL - ALL,HRT,Hart Hall,HRT116,TR,840,915,09/02/2026,12/18/2026,OPEN,2026-10-03
2026 FALL - ALL,HRT,Hart Hall,HRT117,TR,925,1000,09/02/2026,12/18/2026,OPEN,2026-10-03
2026 FALL - ALL,HRT,Hart Hall,HRT217,MWF,480,530,09/02/2026,12/18/2026,OPEN,2026-10-03
2026 FALL - ALL,HRT,Hart Hall,HRT217,TR,750,825,09/02/2026,12/18/2026,OPEN,2026-10-03
2026 FALL - ALL,HRT,Hart Hall,HRT217,MW,830,905,09/02/2026,12/18/2026,FULL,2026-10-03
2026 FALL - ALL,HRT,Hart Hall,HRT217,MWF,545,595,09/02/2026,12/18/2026,FULL,2026-10-03
2026 FALL - ALL,HRT,Hart Hall,HRT211,MWF,675,725,09/02/2026,12/18/2026,FULL,2026-10-03
2026 FALL - ALL,HRT,Hart Hall,HRT217,TR,570,645,09/02/2026,12/18/2026,FULL,2026-10-03
2026 FALL - ALL,HRT,Hart Hall,HRT211,MW,740,815,09/02/2026,12/18/2026,FULL,2026-10-03
2026 FALL - ALL,HRT,Hart Hall,HRT318,MWF,610,660,09/02/2026,12/18/2026,OPEN,2026-10-03
2026 FALL - ALL,HRT,Hart Hall,HRT217,TR,660,735,09/02/2026,12/18/2026,FULL,2026-10-03
2026 FALL - ALL,HRT,Hart Hall,HRT217,TR,840,915,09/02/2026,12/18/2026,OPEN,2026-10-03
2026 FALL - ALL,HRT,Hart Hall,HRT217,TR,925,1000,09/02/2026,12/18/2026,OPEN,2026-10-03
2026 FALL - ALL,HRT,Hart Hall,HRT217,MW,920,995,09/02/2026,12/18/2026,OPEN,2026-10-03
2026 FALL - ALL,HRT,Hart Hall,HRT113,R,960,1120,09/02/2026,12/18/2026,OPEN,2026-10-03
2026 FALL - ALL,HRT,Hart Hall,HRT115,MW,740,815,09/02/2026,12/18/2026,FULL,2026-10-03
2026 FALL - ALL,HRT,Hart Hall,HRT115,M,830,990,09/02/2026,12/18/2026,OPEN,2026-10-03
2026 FALL - ALL,ATC,Tinsley Center,ATC248,TR,840,915,09/02/2026,12/18/2026,OPEN,2026-10-03
2026 FALL - ALL,MKC,Moakley Center,MKC217,TR,570,645,09/02/2026,12/18/2026,FULL,2026-10-03
2026 FALL - ALL,HRT,Hart Hall,HRT115,W,675,725,09/02/2026,12/18/2026,OPEN,2026-10-03
2026 FALL - ALL,ATC,Tinsley Center,ATC238,T,1005,1165,09/02/2026,12/18/2026,OPEN,2026-10-03
2026 FALL - ALL,ATC,Tinsley Center,ATC248,TR,660,735,09/02/2026,12/18/2026,OPEN,2026-10-03
2026 FALL - ALL,MKC,Moakley Center,MKC318,TR,570,645,09/02/2026,12/18/2026,FULL,2026-10-03
2026 FALL - ALL,HRT,Hart Hall,HRT212,TR,660,735,09/02/2026,12/18/2026,FULL,2026-10-03
2026 FALL - ALL,ATC,Tinsley Center,ATC242,TR,750,825,09/02/2026,12/18/2026,FULL,2026-10-03
2026 FALL - ALL,HRT,Hart Hall,HRT312,M,830,990,09/02/2026,12/18/2026,OPEN,2026-10-03
2026 FALL - ALL,HRT,Hart Hall,HRT317,MW,740,815,09/02/2026,12/18/2026,FULL,2026-10-03
2026 FALL - ALL,ATC,Tinsley Center,ATC248,T,1005,1165,09/02/2026,12/18/2026,FULL,2026-10-03
2026 FALL - ALL,HRT,Hart Hall,HRT117,T,1005,1165,09/02/2026,12/18/2026,OPEN,2026-10-03
2026 FALL - ALL,ATC,Tinsley Center,ATC242,T,1005,1165,09/02/2026,12/18/2026,OPEN,2026-10-03
2026 FALL - ALL,ATC,Tinsley Center,ATC243,T,1005,1165,09/02/2026,12/18/2026,OPEN,2026-10-03
2026 FALL - ALL,ATC,Tinsley Center,ATC238,R,960,1120,09/02/2026,10/21/2026,OPEN,2026-10-03
2026 FALL - ALL,ATC,Tinsley Center,ATC243,M,960,1120,09/02/2026,12/18/2026,OPEN,2026-10-03
2026 FALL - ALL,ATC,Tinsley Center,ATC238,R,960,1120,10/22/2026,12/18/2026,OPEN,2026-10-03
2026 FALL - ALL,ATC,Tinsley Center,ATC238,R,960,1120,10/22/2026,12/18/2026,OPEN,2026-10-03
2026 FALL - ALL,ATC,Tinsley Center,ATC238,R,960,1120,10/22/2026,12/18/2026,OPEN,2026-10-03
2026 FALL - ALL,ATC,Tinsley Center,ATC238,R,960,1120,10/22/2026,12/18/2026,OPEN,2026-10-03
2026 FALL - ALL,ATC,Tinsley Center,ATC242,R,960,1140,09/02/2026,12/18/2026,OPEN,2026-10-03
2026 FALL - ALL,HRT,Hart Hall,HRT113,TR,840,915,09/02/2026,12/18/2026,FULL,2026-10-03
2026 FALL - ALL,HRT,Hart Hall,HRT113,MWF,610,660,09/02/2026,12/18/2026,FULL,2026-10-03
2026 FALL - ALL,HRT,Hart Hall,HRT113,TR,750,825,09/02/2026,12/18/2026,FULL,2026-10-03
2026 FALL - ALL,HRT,Hart Hall,HRT113,MWF,545,595,09/02/2026,12/18/2026,FULL,2026-10-03
2026 FALL - ALL,HRT,Hart Hall,HRT113,MW,830,880,09/02/2026,12/18/2026,FULL,2026-10-03
2026 FALL - ALL,HRT,Hart Hall,HRT113,TR,480,555,09/02/2026,12/18/2026,OPEN,2026-10-03
2026 FALL - ALL,MKC,Moakley Center,MKC131,M,545,660,09/02/2026,12/18/2026,OPEN,2026-10-03
2026 FALL - ALL,MKC,Moakley Center,MKC131,W,545,660,09/02/2026,12/18/2026,OPEN,2026-10-03
2026 FALL - ALL,HRT,Hart Hall,HRT113,TR,570,645,09/02/2026,12/18/2026,FULL,2026-10-03
2026 FALL - ALL,HRT,Hart Hall,HRT116,T,570,735,09/02/2026,12/18/2026,OPEN,2026-10-03
2026 FALL - ALL,BUR,Burrill Avenue Building,BUR102,W,920,995,09/02/2026,12/18/2026,OPEN,2026-10-03
2026 FALL - ALL,HRT,Hart Hall,HRT117,W,675,815,09/02/2026,12/18/2026,OPEN,2026-10-03
2026 FALL - ALL,HRT,Hart Hall,HRT117,W,830,990,09/02/2026,12/18/2026,FULL,2026-10-03
2026 FALL - ALL,HRT,Hart Hall,HRT117,M,480,660,09/02/2026,12/18/2026,OPEN,2026-10-03
2026 FALL - ALL,HRT,Hart Hall,HRT117,M,675,815,09/02/2026,12/18/2026,FULL,2026-10-03
2026 FALL - ALL,HRT,Hart Hall,HRT113,MW,675,725,09/02/2026,12/18/2026,OPEN,2026-10-03
2026 FALL - ALL,BUR,Burrill Avenue Building,BUR102,MW,740,790,09/02/2026,12/18/2026,OPEN,2026-10-03
2026 FALL - ALL,BUR,Burrill Avenue Building,BUR102,TR,660,735,09/02/2026,12/18/2026,OPEN,2026-10-03
2026 FALL - ALL,HRT,Hart Hall,HRT116,TR,750,825,09/02/2026,12/18/2026,FULL,2026-10-03
2026 FALL - ALL,HRT,Hart Hall,HRT117,TR,480,555,09/02/2026,12/18/2026,OPEN,2026-10-03
2026 FALL - ALL,BUR,Burrill Avenue Building,BUR102,TR,570,645,09/02/2026,12/18/2026,FULL,2026-10-03
2026 FALL - ALL,HRT,Hart Hall,HRT117,TR,570,645,09/02/2026,12/18/2026,OPEN,2026-10-03
2026 FALL - ALL,HRT,Hart Hall,HRT117,TR,660,735,09/02/2026,12/18/2026,OPEN,2026-10-03
2026 FALL - ALL,HRT,Hart Hall,HRT113,T,1005,1165,09/02/2026,12/18/2026,OPEN,2026-10-03
2026 FALL - ALL,HRT,Hart Hall,HRT113,M,1005,1165,09/02/2026,12/18/2026,OPEN,2026-10-03
2026 FALL - ALL,HRT,Hart Hall,HRT117,M,1005,1165,09/02/2026,12/18/2026,OPEN,2026-10-03
2026 FALL - ALL,HRT,Hart Hall,HRT114,T,1005,1165,09/02/2026,12/18/2026,OPEN,2026-10-03
2026 FALL - ALL,LIB,Maxwell Library,LIB007,TR,840,915,09/02/2026,12/18/2026,OPEN,2026-10-03
2026 FALL - ALL,LIB,Maxwell Library,LIB204,MW,920,995,09/02/2026,12/18/2026,OPEN,2026-10-03
2026 FALL - ALL,LIB,Maxwell Library,LIB019,TR,480,555,09/02/2026,12/18/2026,OPEN,2026-10-03
2026 FALL - ALL,LIB,Maxwell Library,LIB216,TR,750,825,09/02/2026,12/18/2026,FULL,2026-10-03
2026 FALL - ALL,LIB,Maxwell Library,LIB204,MWF,480,530,09/02/2026,12/18/2026,FULL,2026-10-03
2026 FALL - ALL,LIB,Maxwell Library,LIB307,MWF,480,530,09/02/2026,12/18/2026,OPEN,2026-10-03
2026 FALL - ALL,LIB,Maxwell Library,LIB013B,MWF,545,595,09/02/2026,12/18/2026,FULL,2026-10-03
2026 FALL - ALL,LIB,Maxwell Library,LIB205,MWF,480,530,09/02/2026,12/18/2026,OPEN,2026-10-03
2026 FALL - ALL,HRG,Harrington Hall,HRG201,MWF,545,595,09/02/2026,12/18/2026,FULL,2026-10-03
2026 FALL - ALL,HRG,Harrington Hall,HRG005,TR,840,915,09/02/2026,12/18/2026,FULL,2026-10-03
2026 FALL - ALL,LIB,Maxwell Library,LIB019,MWF,545,595,09/02/2026,12/18/2026,OPEN,2026-10-03
2026 FALL - ALL,LIB,Maxwell Library,LIB012,MWF,545,595,09/02/2026,12/18/2026,OPEN,2026-10-03
2026 FALL - ALL,LIB,Maxwell Library,LIB308,MWF,610,660,09/02/2026,12/18/2026,FULL,2026-10-03
2026 FALL - ALL,MKC,Moakley Center,MKC130F,MWF,610,660,09/02/2026,12/18/2026,OPEN,2026-10-03
2026 FALL - ALL,LIB,Maxwell Library,LIB204,MWF,610,660,09/02/2026,12/18/2026,FULL,2026-10-03
2026 FALL - ALL,LIB,Maxwell Library,LIB307,MWF,675,725,09/02/2026,12/18/2026,FULL,2026-10-03
2026 FALL - ALL,LIB,Maxwell Library,LIB019,TR,660,735,09/02/2026,12/18/2026,FULL,2026-10-03
2026 FALL - ALL,LIB,Maxwell Library,LIB007,MW,740,815,09/02/2026,12/18/2026,FULL,2026-10-03
2026 FALL - ALL,HRG,Harrington Hall,HRG009,MW,740,815,09/02/2026,12/18/2026,FULL,2026-10-03
2026 FALL - ALL,LIB,Maxwell Library,LIB214,MW,920,995,09/02/2026,12/18/2026,OPEN,2026-10-03
2026 FALL - ALL,LIB,Maxwell Library,LIB117,MWF,675,725,09/02/2026,12/18/2026,FULL,2026-10-03
2026 FALL - ALL,MKC,Moakley Center,MKC131,TR,660,735,09/02/2026,12/18/2026,FULL,2026-10-03
2026 FALL - ALL,BDN,Boyden Hall,BDN221,MW,830,905,09/02/2026,12/18/2026,FULL,2026-10-03
2026 FALL - ALL,LIB,Maxwell Library,LIB007,MW,830,905,09/02/2026,12/18/2026,FULL,2026-10-03
2026 FALL - ALL,HRG,Harrington Hall,HRG201,TR,925,1000,09/02/2026,12/18/2026,OPEN,2026-10-03
2026 FALL - ALL,LIB,Maxwell Library,LIB012,MW,830,905,09/02/2026,12/18/2026,FULL,2026-10-03
2026 FALL - ALL,BDN,Boyden Hall,BDN221,MWF,675,725,09/02/2026,12/18/2026,FULL,2026-10-03
2026 FALL - ALL,LIB,Maxwell Library,LIB202,TR,480,555,09/02/2026,12/18/2026,OPEN,2026-10-03
2026 FALL - ALL,LIB,Maxwell Library,LIB204,MWF,545,595,09/02/2026,12/18/2026,FULL,2026-10-03
2026 FALL - ALL,LIB,Maxwell Library,LIB019,TR,840,915,09/02/2026,12/18/2026,FULL,2026-10-03
2026 FALL - ALL,LIB,Maxwell Library,LIB216,TR,840,915,09/02/2026,12/18/2026,FULL,2026-10-03
2026 FALL - ALL,BDN,Boyden Hall,BDN221,MWF,545,595,09/02/2026,12/18/2026,OPEN,2026-10-03
2026 FALL - ALL,BDN,Boyden Hall,BDN221,MW,740,815,09/02/2026,12/18/2026,FULL,2026-10-03
2026 FALL - ALL,LIB,Maxwell Library,LIB012,MWF,610,660,09/02/2026,12/18/2026,OPEN,2026-10-03
2026 FALL - ALL,HRG,Harrington Hall,HRG213,TR,570,645,09/02/2026,12/18/2026,FULL,2026-10-03
2026 FALL - ALL,LIB,Maxwell Library,LIB216,TR,660,735,09/02/2026,12/18/2026,FULL,2026-10-03
2026 FALL - ALL,LIB,Maxwell Library,LIB013B,TR,660,735,09/02/2026,12/18/2026,FULL,2026-10-03
2026 FALL - ALL,LIB,Maxwell Library,LIB216,TR,570,645,09/02/2026,12/18/2026,FULL,2026-10-03
2026 FALL - ALL,LIB,Maxwell Library,LIB019,MW,740,815,09/02/2026,12/18/2026,FULL,2026-10-03
2026 FALL - ALL,LIB,Maxwell Library,LIB309,MW,740,815,09/02/2026,12/18/2026,FULL,2026-10-03
2026 FALL - ALL,LIB,Maxwell Library,LIB019,MWF,610,660,09/02/2026,12/18/2026,OPEN,2026-10-03
2026 FALL - ALL,LIB,Maxwell Library,LIB019,TR,570,645,09/02/2026,12/18/2026,OPEN,2026-10-03
2026 FALL - ALL,LIB,Maxwell Library,LIB217,TR,840,915,09/02/2026,12/18/2026,FULL,2026-10-03
2026 FALL - ALL,LIB,Maxwell Library,LIB309,TR,750,825,09/02/2026,12/18/2026,FULL,2026-10-03
2026 FALL - ALL,MKC,Moakley Center,MKC130F,MWF,545,595,09/02/2026,12/18/2026,OPEN,2026-10-03
2026 FALL - ALL,LIB,Maxwell Library,LIB013B,TR,750,825,09/02/2026,12/18/2026,FULL,2026-10-03
2026 FALL - ALL,HRG,Harrington Hall,HRG204,TR,480,555,09/02/2026,12/18/2026,OPEN,2026-10-03
2026 FALL - ALL,MKC,Moakley Center,MKC135B,MWF,545,595,09/02/2026,12/18/2026,OPEN,2026-10-03
2026 FALL - ALL,LIB,Maxwell Library,LIB007,MWF,610,660,09/02/2026,12/18/2026,OPEN,2026-10-03
2026 FALL - ALL,LIB,Maxwell Library,LIB013A,MWF,675,725,09/02/2026,12/18/2026,FULL,2026-10-03
2026 FALL - ALL,HRG,Harrington Hall,HRG009,MW,920,995,09/02/2026,12/18/2026,OPEN,2026-10-03
2026 FALL - ALL,LIB,Maxwell Library,LIB306,TR,570,645,09/02/2026,12/18/2026,FULL,2026-10-03
2026 FALL - ALL,RSU,Rondileau Student Union,RSU114,TR,750,825,09/02/2026,12/18/2026,FULL,2026-10-03
2026 FALL - ALL,LIB,Maxwell Library,LIB206,MWF,480,530,09/02/2026,12/18/2026,FULL,2026-10-03
2026 FALL - ALL,MKC,Moakley Center,MKC130F,MWF,480,530,09/02/2026,12/18/2026,OPEN,2026-10-03
2026 FALL - ALL,HRG,Harrington Hall,HRG213,MWF,545,595,09/02/2026,12/18/2026,OPEN,2026-10-03
2026 FALL - ALL,LIB,Maxwell Library,LIB013B,TR,570,645,09/02/2026,12/18/2026,FULL,2026-10-03
2026 FALL - ALL,LIB,Maxwell Library,LIB001P,MWF,610,660,09/02/2026,12/18/2026,OPEN,2026-10-03
2026 FALL - ALL,LIB,Maxwell Library,LIB216,TR,480,555,09/02/2026,12/18/2026,OPEN,2026-10-03
2026 FALL - ALL,KLY,Kelly Gymnasium,KLY119,TR,660,735,09/02/2026,12/18/2026,FULL,2026-10-03
2026 FALL - ALL,LIB,Maxwell Library,LIB217,TR,750,825,09/02/2026,12/18/2026,FULL,2026-10-03
2026 FALL - ALL,HRG,Harrington Hall,HRG213,MWF,675,725,09/02/2026,12/18/2026,OPEN,2026-10-03
2026 FALL - ALL,RSU,Rondileau Student Union,RSU114,MWF,545,595,09/02/2026,12/18/2026,FULL,2026-10-03
2026 FALL - ALL,MKC,Moakley Center,MKC217,MWF,675,725,09/02/2026,12/18/2026,OPEN,2026-10-03
2026 FALL - ALL,HRG,Harrington Hall,HRG214,TR,570,645,09/02/2026,12/18/2026,FULL,2026-10-03
2026 FALL - ALL,HRG,Harrington Hall,HRG201,MWF,610,660,09/02/2026,12/18/2026,FULL,2026-10-03
2026 FALL - ALL,HRT,Hart Hall,HRT212,MW,740,815,09/02/2026,12/18/2026,FULL,2026-10-03
2026 FALL - ALL,LIB,Maxwell Library,LIB202,MWF,480,530,09/02/2026,12/18/2026,FULL,2026-10-03
2026 FALL - ALL,HRG,Harrington Hall,HRG009,MW,830,905,09/02/2026,12/18/2026,OPEN,2026-10-03
2026 FALL - ALL,MKC,Moakley Center,MKC217,MWF,545,595,09/02/2026,12/18/2026,FULL,2026-10-03
2026 FALL - ALL,HRG,Harrington Hall,HRG201,MWF,675,725,09/02/2026,12/18/2026,FULL,2026-10-03
2026 FALL - ALL,LIB,Maxwell Library,LIB013A,TR,750,825,09/02/2026,12/18/2026,FULL,2026-10-03
2026 FALL - ALL,LIB,Maxwell Library,LIB012,MWF,675,725,09/02/2026,12/18/2026,OPEN,2026-10-03
2026 FALL - ALL,LIB,Maxwell Library,LIB013A,MWF,610,660,09/02/2026,12/18/2026,FULL,2026-10-03
2026 FALL - ALL,LIB,Maxwell Library,LIB217,MWF,610,660,09/02/2026,12/18/2026,FULL,2026-10-03
2026 FALL - ALL,HRG,Harrington Hall,HRG206,MW,740,815,09/02/2026,12/18/2026,FULL,2026-10-03
2026 FALL - ALL,HRT,Hart Hall,HRT212,MW,830,905,09/02/2026,12/18/2026,FULL,2026-10-03
2026 FALL - ALL,RSU,Rondileau Student Union,RSU114,TR,570,645,09/02/2026,12/18/2026,FULL,2026-10-03
2026 FALL - ALL,HRG,Harrington Hall,HRG006,MW,830,905,09/02/2026,12/18/2026,FULL,2026-10-03
2026 FALL - ALL,ECC,East Campus Commons,ECC113,TR,750,825,09/02/2026,12/18/2026,FULL,2026-10-03
2026 FALL - ALL,RSU,Rondileau Student Union,RSU114,TR,480,555,09/02/2026,12/18/2026,FULL,2026-10-03
2026 FALL - ALL,LIB,Maxwell Library,LIB309,TR,925,1000,09/02/2026,12/18/2026,FULL,2026-10-03
2026 FALL - ALL,MKC,Moakley Center,MKC217,MWF,480,530,09/02/2026,12/18/2026,FULL,2026-10-03
2026 FALL - ALL,LIB,Maxwell Library,LIB203,MWF,480,530,09/02/2026,12/18/2026,FULL,2026-10-03
2026 FALL - ALL,HRT,Hart Hall,HRT212,MWF,610,660,09/02/2026,12/18/2026,FULL,2026-10-03
2026 FALL - ALL,ECC,East Campus Commons,ECC113,TR,840,915,09/02/2026,12/18/2026,OPEN,2026-10-03
2026 FALL - ALL,ECC,East Campus Commons,ECC113,TR,925,1000,09/02/2026,12/18/2026,FULL,2026-10-03
2026 FALL - ALL,LIB,Maxwell Library,LIB001P,MW,920,995,09/02/2026,12/18/2026,FULL,2026-10-03
2026 FALL - ALL,HNT,Hunt Hall,HNT210,TR,750,825,09/02/2026,12/18/2026,OPEN,2026-10-03
2026 FALL - ALL,LIB,Maxwell Library,LIB013B,MWF,610,660,09/02/2026,12/18/2026,FULL,2026-10-03
2026 FALL - ALL,LIB,Maxwell Library,LIB001P,MWF,545,595,09/02/2026,12/18/2026,OPEN,2026-10-03
2026 FALL - ALL,HRG,Harrington Hall,HRG206,MW,830,905,09/02/2026,12/18/2026,FULL,2026-10-03
2026 FALL - ALL,HRG,Harrington Hall,HRG206,MW,920,995,09/02/2026,12/18/2026,OPEN,2026-10-03
2026 FALL - ALL,HNT,Hunt Hall,HNT210,TR,660,735,09/02/2026,12/18/2026,FULL,2026-10-03
2026 FALL - ALL,LIB,Maxwell Library,LIB013B,MWF,675,725,09/02/2026,12/18/2026,OPEN,2026-10-03
2026 FALL - ALL,LIB,Maxwell Library,LIB116,TR,570,645,09/02/2026,12/18/2026,OPEN,2026-10-03
2026 FALL - ALL,LIB,Maxwell Library,LIB204,MWF,675,725,09/02/2026,12/18/2026,OPEN,2026-10-03
2026 FALL - ALL,RSU,Rondileau Student Union,RSU114,TR,660,735,09/02/2026,12/18/2026,OPEN,2026-10-03
2026 FALL - ALL,BDN,Boyden Hall,BDN221,TR,570,645,09/02/2026,12/18/2026,OPEN,2026-10-03
2026 FALL - ALL,LIB,Maxwell Library,LIB117,TR,840,915,09/02/2026,12/18/2026,OPEN,2026-10-03
2026 FALL - ALL,LIB,Maxwell Library,LIB117,MW,740,815,09/02/2026,12/18/2026,OPEN,2026-10-03
2026 FALL - ALL,RSU,Rondileau Student Union,RSU114,M,830,880,09/02/2026,12/18/2026,OPEN,2026-10-03
2026 FALL - ALL,LIB,Maxwell Library,LIB307,T,925,975,09/02/2026,12/18/2026,OPEN,2026-10-03
2026 FALL - ALL,HRG,Harrington Hall,HRG204,MWF,545,595,09/02/2026,12/18/2026,OPEN,2026-10-03
2026 FALL - ALL,LIB,Maxwell Library,LIB117,MWF,610,660,09/02/2026,12/18/2026,OPEN,2026-10-03
2026 FALL - ALL,LIB,Maxwell Library,LIB214,MWF,675,725,09/02/2026,12/18/2026,OPEN,2026-10-03
2026 FALL - ALL,LIB,Maxwell Library,LIB001P,TR,660,735,09/02/2026,12/18/2026,OPEN,2026-10-03
2026 FALL - ALL,HRG,Harrington Hall,HRG206,TR,570,645,09/02/2026,12/18/2026,OPEN,2026-10-03
2026 FALL - ALL,MKC,Moakley Center,MKC318,MWF,545,595,09/02/2026,12/18/2026,OPEN,2026-10-03
2026 FALL - ALL,MKC,Moakley Center,MKC318,MWF,610,660,09/02/2026,12/18/2026,OPEN,2026-10-03
2026 FALL - ALL,HRG,Harrington Hall,HRG009,TR,750,825,09/02/2026,12/18/2026,FULL,2026-10-03
2026 FALL - ALL,MKC,Moakley Center,MKC135A,MW,740,815,09/02/2026,12/18/2026,OPEN,2026-10-03
2026 FALL - ALL,HRG,Harrington Hall,HRG213,TR,750,825,09/02/2026,12/18/2026,FULL,2026-10-03
2026 FALL - ALL,HRG,Harrington Hall,HRG204,TR,570,645,09/02/2026,12/18/2026,OPEN,2026-10-03
2026 FALL - ALL,BDN,Boyden Hall,BDN220,MWF,545,595,09/02/2026,12/18/2026,OPEN,2026-10-03
2026 FALL - ALL,BDN,Boyden Hall,BDN220,MWF,610,660,09/02/2026,12/18/2026,OPEN,2026-10-03
2026 FALL - ALL,BDN,Boyden Hall,BDN220,MWF,675,725,09/02/2026,12/18/2026,OPEN,2026-10-03
2026 FALL - ALL,LIB,Maxwell Library,LIB117,MWF,545,595,09/02/2026,12/18/2026,OPEN,2026-10-03
2026 FALL - ALL,LIB,Maxwell Library,LIB216,MWF,675,725,09/02/2026,12/18/2026,FULL,2026-10-03
2026 FALL - ALL,LIB,Maxwell Library,LIB202,T,1005,1165,09/02/2026,12/18/2026,OPEN,2026-10-03
2026 FALL - ALL,LIB,Maxwell Library,LIB216,M,740,815,09/02/2026,12/18/2026,OPEN,2026-10-03
2026 FALL - ALL,LIB,Maxwell Library,LIB216,W,740,815,09/02/2026,12/18/2026,FULL,2026-10-03
2026 FALL - ALL,LIB,Maxwell Library,LIB117,TR,570,645,09/02/2026,12/18/2026,FULL,2026-10-03
2026 FALL - ALL,LIB,Maxwell Library,LIB117,TR,660,735,09/02/2026,12/18/2026,FULL,2026-10-03
2026 FALL - ALL,LIB,Maxwell Library,LIB013,R,1005,1165,09/02/2026,12/18/2026,OPEN,2026-10-03
2026 FALL - ALL,LIB,Maxwell Library,LIB307,TR,660,735,09/02/2026,12/18/2026,FULL,2026-10-03
2026 FALL - ALL,LIB,Maxwell Library,LIB214,TR,840,915,09/02/2026,12/18/2026,FULL,2026-10-03
2026 FALL - ALL,LIB,Maxwell Library,LIB206,R,1080,1240,09/02/2026,12/18/2026,OPEN,2026-10-03
2026 FALL - ALL,LIB,Maxwell Library,LIB104,TR,840,915,09/02/2026,12/18/2026,FULL,2026-10-03
2026 FALL - ALL,MKC,Moakley Center,MKC135B,TR,570,645,09/02/2026,12/18/2026,OPEN,2026-10-03
2026 FALL - ALL,RSU,Rondileau Student Union,RSU114,MW,740,815,09/02/2026,12/18/2026,OPEN,2026-10-03
2026 FALL - ALL,BDN,Boyden Hall,BDN220,TR,570,645,09/02/2026,12/18/2026,OPEN,2026-10-03
2026 FALL - ALL,LIB,Maxwell Library,LIB117,TR,750,825,09/02/2026,12/18/2026,OPEN,2026-10-03
2026 FALL - ALL,LIB,Maxwell Library,LIB001P,TR,750,825,09/02/2026,12/18/2026,OPEN,2026-10-03
2026 FALL - ALL,LIB,Maxwell Library,LIB117,M,1005,1165,09/02/2026,12/18/2026,OPEN,2026-10-03
2026 FALL - ALL,LIB,Maxwell Library,LIB117,MW,830,905,09/02/2026,12/18/2026,OPEN,2026-10-03
2026 FALL - ALL,HRG,Harrington Hall,HRG214,MW,740,815,09/02/2026,12/18/2026,OPEN,2026-10-03
2026 FALL - ALL,LIB,Maxwell Library,LIB013B,MW,740,815,09/02/2026,12/18/2026,OPEN,2026-10-03
2026 FALL - ALL,ART,Art Building,ART202,W,900,1065,09/02/2026,12/18/2026,OPEN,2026-10-03
2026 FALL - ALL,DMF,DMF Science & Math Center,DMF365,TR,840,915,09/02/2026,12/18/2026,OPEN,2026-10-03
2026 FALL - ALL,BDN,Boyden Hall,BDN218,TR,660,735,09/02/2026,12/18/2026,OPEN,2026-10-03
2026 FALL - ALL,BDN,Boyden Hall,BDN223,TR,840,915,09/02/2026,12/18/2026,OPEN,2026-10-03
2026 FALL - ALL,HRG,Harrington Hall,HRG213,W,1005,1165,09/02/2026,12/18/2026,OPEN,2026-10-03
2026 FALL - ALL,LIB,Maxwell Library,LIB206,W,1005,1165,09/02/2026,12/18/2026,OPEN,2026-10-03
2026 FALL - ALL,BDN,Boyden Hall,BDN223,MW,740,815,09/02/2026,12/18/2026,OPEN,2026-10-03
2026 FALL - ALL,HRG,Harrington Hall,HRG213,W,830,990,09/02/2026,12/18/2026,OPEN,2026-10-03
2026 FALL - ALL,DMF,DMF Science & Math Center,DMF240,M,1080,1240,09/02/2026,12/18/2026,FULL,2026-10-03
2026 FALL - ALL,LIB,Maxwell Library,LIB307,R,1005,1165,09/02/2026,12/18/2026,OPEN,2026-10-03
2026 FALL - ALL,LIB,Maxwell Library,LIB001,TR,840,915,09/02/2026,12/18/2026,OPEN,2026-10-03
2026 FALL - ALL,ATC,Tinsley Center,ATC246,MW,545,595,09/02/2026,12/18/2026,OPEN,2026-10-03
2026 FALL - ALL,KLY,Kelly Gymnasium,KLY010,TR,660,735,09/02/2026,12/18/2026,FULL,2026-10-03
2026 FALL - ALL,KLY,Kelly Gymnasium,KLYLG,TR,660,735,09/02/2026,12/18/2026,OPEN,2026-10-03
2026 FALL - ALL,ATC,Tinsley Center,ATCCT2,MW,830,905,09/02/2026,12/18/2026,OPEN,2026-10-03
2026 FALL - ALL,ATC,Tinsley Center,ATC241,TR,570,645,09/02/2026,12/18/2026,OPEN,2026-10-03
2026 FALL - ALL,ATC,Tinsley Center,ATC248,M,830,905,09/02/2026,12/18/2026,OPEN,2026-10-03
2026 FALL - ALL,ATC,Tinsley Center,ATC243,TR,570,645,09/02/2026,12/18/2026,OPEN,2026-10-03
2026 FALL - ALL,ATC,Tinsley Center,ATC243,TR,660,735,09/02/2026,12/18/2026,OPEN,2026-10-03
2026 FALL - ALL,ATC,Tinsley Center,ATC246,W,810,910,09/02/2026,12/18/2026,OPEN,2026-10-03
2026 FALL - ALL,ATC,Tinsley Center,ATC246,M,890,990,09/02/2026,12/18/2026,OPEN,2026-10-03
2026 FALL - ALL,ATC,Tinsley Center,ATC246,T,870,970,09/02/2026,12/18/2026,OPEN,2026-10-03
2026 FALL - ALL,ATC,Tinsley Center,ATC246,R,840,940,09/02/2026,12/18/2026,OPEN,2026-10-03
2026 FALL - ALL,ATC,Tinsley Center,ATC246,F,540,640,09/02/2026,12/18/2026,OPEN,2026-10-03
2026 FALL - ALL,ATC,Tinsley Center,ATC246,W,960,1060,09/02/2026,12/18/2026,FULL,2026-10-03
2026 FALL - ALL,ATC,Tinsley Center,ATC243,MW,480,530,09/02/2026,12/18/2026,OPEN,2026-10-03
2026 FALL - ALL,ATC,Tinsley Center,ATC243,TR,480,530,09/02/2026,12/18/2026,OPEN,2026-10-03
2026 FALL - ALL,DMF,DMF Science & Math Center,DMF285,TR,570,645,09/02/2026,12/18/2026,OPEN,2026-10-03
2026 FALL - ALL,DMF,DMF Science & Math Center,DMF277,W,740,815,09/02/2026,12/18/2026,OPEN,2026-10-03
2026 FALL - ALL,DMF,DMF Science & Math Center,DMF277,T,750,825,09/02/2026,12/18/2026,FULL,2026-10-03
2026 FALL - ALL,DMF,DMF Science & Math Center,DMF285,T,660,735,09/02/2026,12/18/2026,OPEN,2026-10-03
2026 FALL - ALL,DMF,DMF Science & Math Center,DMF283,W,545,660,09/02/2026,12/18/2026,FULL,2026-10-03
2026 FALL - ALL,DMF,DMF Science & Math Center,DMF283,W,675,790,09/02/2026,12/18/2026,FULL,2026-10-03
2026 FALL - ALL,DMF,DMF Science & Math Center,DMF283,M,610,725,09/02/2026,12/18/2026,FULL,2026-10-03
2026 FALL - ALL,DMF,DMF Science & Math Center,DMF283,M,740,860,09/02/2026,12/18/2026,FULL,2026-10-03
2026 FALL - ALL,DMF,DMF Science & Math Center,DMF283,W,795,905,09/02/2026,12/18/2026,OPEN,2026-10-03
2026 FALL - ALL,DMF,DMF Science & Math Center,DMF283,R,750,870,09/02/2026,12/18/2026,FULL,2026-10-03
2026 FALL - ALL,DMF,DMF Science & Math Center,DMF279,TR,660,735,09/02/2026,12/18/2026,FULL,2026-10-03
2026 FALL - ALL,DMF,DMF Science & Math Center,DMF275,TR,840,915,09/02/2026,12/18/2026,FULL,2026-10-03
2026 FALL - ALL,DMF,DMF Science & Math Center,DMF279,T,750,825,09/02/2026,12/18/2026,FULL,2026-10-03
2026 FALL - ALL,DMF,DMF Science & Math Center,DMF279,W,740,815,09/02/2026,12/18/2026,FULL,2026-10-03
2026 FALL - ALL,DMF,DMF Science & Math Center,DMF279,R,750,825,09/02/2026,12/18/2026,OPEN,2026-10-03
2026 FALL - ALL,DMF,DMF Science & Math Center,DMF279,MW,610,660,09/02/2026,12/18/2026,OPEN,2026-10-03
2026 FALL - ALL,DMF,DMF Science & Math Center,DMF340,TR,660,735,09/02/2026,12/18/2026,FULL,2026-10-03
2026 FALL - ALL,DMF,DMF Science & Math Center,DMF275,MW,610,660,09/02/2026,12/18/2026,OPEN,2026-10-03
2026 FALL - ALL,DMF,DMF Science & Math Center,DMF279,MW,675,725,09/02/2026,12/18/2026,FULL,2026-10-03
2026 FALL - ALL,DMF,DMF Science & Math Center,DMF342,TR,570,645,09/02/2026,12/18/2026,OPEN,2026-10-03
2026 FALL - ALL,DMF,DMF Science & Math Center,DMF275,TR,570,645,09/02/2026,12/18/2026,FULL,2026-10-03
2026 FALL - ALL,DMF,DMF Science & Math Center,DMF279,TR,480,555,09/02/2026,12/18/2026,OPEN,2026-10-03
2026 FALL - ALL,DMF,DMF Science & Math Center,DMF442,TR,925,1000,09/02/2026,12/18/2026,OPEN,2026-10-03
2026 FALL - ALL,DMF,DMF Science & Math Center,DMF340,TR,750,825,09/02/2026,12/18/2026,FULL,2026-10-03
2026 FALL - ALL,DMF,DMF Science & Math Center,DMF279,MW,545,595,09/02/2026,12/18/2026,FULL,2026-10-03
2026 FALL - ALL,DMF,DMF Science & Math Center,DMF285,TR,750,825,09/02/2026,12/18/2026,OPEN,2026-10-03
2026 FALL - ALL,DMF,DMF Science & Math Center,DMF277,TR,570,645,09/02/2026,12/18/2026,FULL,2026-10-03
2026 FALL - ALL,DMF,DMF Science & Math Center,DMF275,TR,660,735,09/02/2026,12/18/2026,OPEN,2026-10-03
2026 FALL - ALL,DMF,DMF Science & Math Center,DMF275,M,740,815,09/02/2026,12/18/2026,FULL,2026-10-03
2026 FALL - ALL,DMF,DMF Science & Math Center,DMF283,TR,570,645,09/02/2026,12/18/2026,FULL,2026-10-03
2026 FALL - ALL,DMF,DMF Science & Math Center,DMF283,TR,660,735,09/02/2026,12/18/2026,OPEN,2026-10-03
2026 FALL - ALL,DMF,DMF Science & Math Center,DMF275,W,740,815,09/02/2026,12/18/2026,OPEN,2026-10-03
2026 FALL - ALL,DMF,DMF Science & Math Center,DMF279,MW,830,905,09/02/2026,12/18/2026,OPEN,2026-10-03
2026 FALL - ALL,DMF,DMF Science & Math Center,DMF279,TR,840,915,09/02/2026,12/18/2026,OPEN,2026-10-03
2026 FALL - ALL,DMF,DMF Science & Math Center,DMF259,W,740,815,09/02/2026,12/18/2026,OPEN,2026-10-03
2026 FALL - ALL,DMF,DMF Science & Math Center,DMF279,MW,920,995,09/02/2026,12/18/2026,OPEN,2026-10-03
2026 FALL - ALL,DMF,DMF Science & Math Center,DMF277,W,830,905,09/02/2026,12/18/2026,OPEN,2026-10-03
2026 FALL - ALL,DMF,DMF Science & Math Center,DMF279,TR,570,645,09/02/2026,12/18/2026,OPEN,2026-10-03
2026 FALL - ALL,DMF,DMF Science & Math Center,DMF272,TR,925,1000,09/02/2026,12/18/2026,FULL,2026-10-03
2026 FALL - ALL,DMF,DMF Science & Math Center,DMF140,TR,570,645,09/02/2026,12/18/2026,OPEN,2026-10-03
2026 FALL - ALL,DMF,DMF Science & Math Center,DMF130,MW,740,815,09/02/2026,12/18/2026,FULL,2026-10-03
2026 FALL - ALL,DMF,DMF Science & Math Center,DMF140,T,750,860,09/02/2026,12/18/2026,OPEN,2026-10-03
2026 FALL - ALL,DMF,DMF Science & Math Center,DMF140,R,750,860,09/02/2026,12/18/2026,OPEN,2026-10-03
2026 FALL - ALL,DMF,DMF Science & Math Center,DMF130,M,875,985,09/02/2026,12/18/2026,OPEN,2026-10-03
2026 FALL - ALL,DMF,DMF Science & Math Center,DMF465,MW,830,905,09/02/2026,12/18/2026,OPEN,2026-10-03
2026 FALL - ALL,DMF,DMF Science & Math Center,DMF174,TR,570,620,09/02/2026,12/18/2026,OPEN,2026-10-03
2026 FALL - ALL,DMF,DMF Science & Math Center,DMF174,R,750,980,09/02/2026,12/18/2026,OPEN,2026-10-03
2026 FALL - ALL,DMF,DMF Science & Math Center,DMF180,MW,610,660,09/02/2026,12/18/2026,OPEN,2026-10-03
2026 FALL - ALL,DMF,DMF Science & Math Center,DMF180,M,740,970,09/02/2026,12/18/2026,OPEN,2026-10-03
2026 FALL - ALL,DMF,DMF Science & Math Center,DMF176,TR,570,620,09/02/2026,12/18/2026,OPEN,2026-10-03
2026 FALL - ALL,DMF,DMF Science & Math Center,DMF176,T,750,980,09/02/2026,12/18/2026,OPEN,2026-10-03
2026 FALL - ALL,DMF,DMF Science & Math Center,DMF176,MW,675,725,09/02/2026,12/18/2026,OPEN,2026-10-03
2026 FALL - ALL,DMF,DMF Science & Math Center,DMF172,W,740,970,09/02/2026,12/18/2026,OPEN,2026-10-03
2026 FALL - ALL,BDN,Boyden Hall,BDN221,MWF,610,660,09/02/2026,12/18/2026,OPEN,2026-10-03
2026 FALL - ALL,ATC,Tinsley Center,ATC243,MW,675,725,09/02/2026,12/18/2026,OPEN,2026-10-03
2026 FALL - ALL,ATC,Tinsley Center,ATC242,M,915,1070,09/02/2026,12/18/2026,OPEN,2026-10-03
2026 FALL - ALL,ATC,Tinsley Center,ATC238,TR,750,825,09/02/2026,12/18/2026,OPEN,2026-10-03
2026 FALL - ALL,ATC,Tinsley Center,ATC243,MW,610,660,09/02/2026,12/18/2026,OPEN,2026-10-03
2026 FALL - ALL,ATC,Tinsley Center,ATC238,MW,545,595,09/02/2026,12/18/2026,FULL,2026-10-03
2026 FALL - ALL,DMF,DMF Science & Math Center,DMF467,MW,675,725,09/02/2026,12/18/2026,OPEN,2026-10-03
2026 FALL - ALL,DMF,DMF Science & Math Center,DMF467,MW,610,660,09/02/2026,12/18/2026,FULL,2026-10-03
2026 FALL - ALL,HRT,Hart Hall,HRT114,TR,750,825,09/02/2026,12/18/2026,OPEN,2026-10-03
2026 FALL - ALL,ATC,Tinsley Center,ATC238,TR,660,735,09/02/2026,12/18/2026,OPEN,2026-10-03
2026 FALL - ALL,ATC,Tinsley Center,ATC248,MW,920,995,09/02/2026,12/18/2026,OPEN,2026-10-03
2026 FALL - ALL,ATC,Tinsley Center,ATC243,TR,750,825,09/02/2026,12/18/2026,OPEN,2026-10-03
2026 FALL - ALL,ATC,Tinsley Center,ATC243,TR,840,915,09/02/2026,12/18/2026,FULL,2026-10-03
2026 FALL - ALL,ATC,Tinsley Center,ATC248,W,830,905,09/02/2026,12/18/2026,OPEN,2026-10-03
2026 FALL - ALL,ATC,Tinsley Center,ATC248,TR,570,645,09/02/2026,12/18/2026,OPEN,2026-10-03
2026 FALL - ALL,ATC,Tinsley Center,ATC238,T,840,1000,09/02/2026,12/18/2026,OPEN,2026-10-03
2026 FALL - ALL,ATC,Tinsley Center,ATC243,MW,740,815,09/02/2026,12/18/2026,OPEN,2026-10-03
2026 FALL - ALL,ATC,Tinsley Center,ATC246,TR,660,735,09/02/2026,12/18/2026,OPEN,2026-10-03
2026 FALL - ALL,ATC,Tinsley Center,ATC243,MW,830,905,09/02/2026,12/18/2026,OPEN,2026-10-03
2026 FALL - ALL,ATC,Tinsley Center,ATC238,R,840,915,09/02/2026,12/18/2026,OPEN,2026-10-03
2026 FALL - ALL,HNT,Hunt Hall,HNT101,MWF,480,530,09/02/2026,12/18/2026,OPEN,2026-10-03
2026 FALL - ALL,LIB,Maxwell Library,LIB216,MWF,610,660,09/02/2026,12/18/2026,FULL,2026-10-03
2026 FALL - ALL,LIB,Maxwell Library,LIB204,TR,480,555,09/02/2026,12/18/2026,OPEN,2026-10-03
2026 FALL - ALL,HRG,Harrington Hall,HRG214,TR,660,735,09/02/2026,12/18/2026,OPEN,2026-10-03
2026 FALL - ALL,HNT,Hunt Hall,HNT102,TR,840,915,09/02/2026,12/18/2026,OPEN,2026-10-03
2026 FALL - ALL,LIB,Maxwell Library,LIB216,MWF,545,595,09/02/2026,12/18/2026,OPEN,2026-10-03
2026 FALL - ALL,LIB,Maxwell Library,LIB214,MW,830,905,09/02/2026,12/18/2026,OPEN,2026-10-03
2026 FALL - ALL,LIB,Maxwell Library,LIB216,MW,920,995,09/02/2026,12/18/2026,OPEN,2026-10-03
2026 FALL - ALL,LIB,Maxwell Library,LIB012,TR,570,645,09/02/2026,12/18/2026,OPEN,2026-10-03
2026 FALL - ALL,HNT,Hunt Hall,HNT102,TR,750,825,09/02/2026,12/18/2026,FULL,2026-10-03
2026 FALL - ALL,LIB,Maxwell Library,LIB012,W,1005,1165,09/02/2026,12/18/2026,OPEN,2026-10-03
2026 FALL - ALL,HNT,Hunt Hall,HNT102,MW,675,725,09/02/2026,12/18/2026,OPEN,2026-10-03
2026 FALL - ALL,HRG,Harrington Hall,HRG214,MWF,545,595,09/02/2026,12/18/2026,OPEN,2026-10-03
2026 FALL - ALL,HNT,Hunt Hall,HNT102,MW,610,660,09/02/2026,12/18/2026,OPEN,2026-10-03
2026 FALL - ALL,LIB,Maxwell Library,LIB205,MW,830,905,09/02/2026,12/18/2026,FULL,2026-10-03
2026 FALL - ALL,HRG,Harrington Hall,HRG009,TR,480,555,09/02/2026,12/18/2026,OPEN,2026-10-03
2026 FALL - ALL,LIB,Maxwell Library,LIB204,TR,570,645,09/02/2026,12/18/2026,FULL,2026-10-03
2026 FALL - ALL,BDN,Boyden Hall,BDN223,MWF,610,660,09/02/2026,12/18/2026,OPEN,2026-10-03
2026 FALL - ALL,HNT,Hunt Hall,HNT102,MWF,545,595,09/02/2026,12/18/2026,FULL,2026-10-03
2026 FALL - ALL,LIB,Maxwell Library,LIB310,MW,740,815,09/02/2026,12/18/2026,FULL,2026-10-03
2026 FALL - ALL,HNT,Hunt Hall,HNT102,TR,480,555,09/02/2026,12/18/2026,OPEN,2026-10-03
2026 FALL - ALL,LIB,Maxwell Library,LIB013,TR,840,915,09/02/2026,12/18/2026,FULL,2026-10-03
2026 FALL - ALL,HNT,Hunt Hall,HNT101,TR,925,1000,09/02/2026,12/18/2026,OPEN,2026-10-03
2026 FALL - ALL,BDN,Boyden Hall,BDN223,TR,660,735,09/02/2026,12/18/2026,OPEN,2026-10-03
2026 FALL - ALL,DMF,DMF Science & Math Center,DMF442,MWF,610,660,09/02/2026,12/18/2026,FULL,2026-10-03
2026 FALL - ALL,LIB,Maxwell Library,LIB217,MWF,675,725,09/02/2026,12/18/2026,FULL,2026-10-03
2026 FALL - ALL,HRG,Harrington Hall,HRG009,TR,570,645,09/02/2026,12/18/2026,OPEN,2026-10-03
2026 FALL - ALL,HNT,Hunt Hall,HNT101,TR,750,825,09/02/2026,12/18/2026,OPEN,2026-10-03
2026 FALL - ALL,BDN,Boyden Hall,BDN220,TR,840,915,09/02/2026,12/18/2026,FULL,2026-10-03
2026 FALL - ALL,LIB,Maxwell Library,LIB001P,MW,740,815,09/02/2026,12/18/2026,FULL,2026-10-03
2026 FALL - ALL,HRG,Harrington Hall,HRG201,MW,830,905,09/02/2026,12/18/2026,OPEN,2026-10-03
2026 FALL - ALL,BDN,Boyden Hall,BDN218,W,830,990,09/02/2026,12/18/2026,FULL,2026-10-03
2026 FALL - ALL,HRG,Harrington Hall,HRG006,TR,570,645,09/02/2026,12/18/2026,FULL,2026-10-03
2026 FALL - ALL,BDN,Boyden Hall,BDN220,MW,740,815,09/02/2026,12/18/2026,FULL,2026-10-03
2026 FALL - ALL,BDN,Boyden Hall,BDN221,TR,660,735,09/02/2026,12/18/2026,OPEN,2026-10-03
2026 FALL - ALL,LIB,Maxwell Library,LIB013A,TR,925,1000,09/02/2026,12/18/2026,FULL,2026-10-03
2026 FALL - ALL,HRG,Harrington Hall,HRG201,MW,740,815,09/02/2026,12/18/2026,FULL,2026-10-03
2026 FALL - ALL,LIB,Maxwell Library,LIB117,T,1005,1165,09/02/2026,12/18/2026,OPEN,2026-10-03
2026 FALL - ALL,BDN,Boyden Hall,BDN218,TR,840,915,09/02/2026,12/18/2026,FULL,2026-10-03
2026 FALL - ALL,BDN,Boyden Hall,BDN222,M,830,990,09/02/2026,12/18/2026,OPEN,2026-10-03
2026 FALL - ALL,LIB,Maxwell Library,LIB306,TR,660,735,09/02/2026,12/18/2026,OPEN,2026-10-03
2026 FALL - ALL,BDN,Boyden Hall,BDN221,TR,750,825,09/02/2026,12/18/2026,OPEN,2026-10-03
2026 FALL - ALL,LIB,Maxwell Library,LIB116,TR,750,825,09/02/2026,12/18/2026,OPEN,2026-10-03
2026 FALL - ALL,LIB,Maxwell Library,LIB116,W,1005,1165,09/02/2026,12/18/2026,OPEN,2026-10-03
2026 FALL - ALL,LIB,Maxwell Library,LIB116,MW,920,995,09/02/2026,12/18/2026,OPEN,2026-10-03
2026 FALL - ALL,LIB,Maxwell Library,LIB309,M,1005,1165,09/02/2026,12/18/2026,OPEN,2026-10-03
2026 FALL - ALL,ATC,Tinsley Center,ATC239,TR,660,735,09/02/2026,12/18/2026,FULL,2026-10-03
2026 FALL - ALL,ATC,Tinsley Center,ATC242,MW,740,815,09/02/2026,12/18/2026,OPEN,2026-10-03
2026 FALL - ALL,ATC,Tinsley Center,ATC241,TR,660,735,09/02/2026,12/18/2026,OPEN,2026-10-03
2026 FALL - ALL,ATC,Tinsley Center,ATC239,TR,840,915,09/02/2026,12/18/2026,OPEN,2026-10-03
2026 FALL - ALL,ATC,Tinsley Center,ATC242,MW,675,725,09/02/2026,12/18/2026,OPEN,2026-10-03
2026 FALL - ALL,ATC,Tinsley Center,ATC239,MW,830,905,09/02/2026,12/18/2026,FULL,2026-10-03
2026 FALL - ALL,ATC,Tinsley Center,ATC239,M,960,1120,09/02/2026,12/18/2026,OPEN,2026-10-03
2026 FALL - ALL,ATC,Tinsley Center,ATC239,W,960,1120,09/02/2026,12/18/2026,FULL,2026-10-03
2026 FALL - ALL,ATC,Tinsley Center,ATC239,MW,740,815,09/02/2026,12/18/2026,OPEN,2026-10-03
2026 FALL - ALL,ATC,Tinsley Center,ATC243,MW,545,595,09/02/2026,12/18/2026,OPEN,2026-10-03
2026 FALL - ALL,ATC,Tinsley Center,ATC242,MW,610,660,09/02/2026,12/18/2026,OPEN,2026-10-03
2026 FALL - ALL,HRT,Hart Hall,HRT218,M,610,660,09/02/2026,12/18/2026,OPEN,2026-10-03
2026 FALL - ALL,ATC,Tinsley Center,ATC238,M,740,790,09/02/2026,12/18/2026,OPEN,2026-10-03
2026 FALL - ALL,ATC,Tinsley Center,ATC246,W,740,790,09/02/2026,12/18/2026,OPEN,2026-10-03
2026 FALL - ALL,RSU,Rondileau Student Union,RSU114,W,830,880,09/02/2026,12/18/2026,OPEN,2026-10-03
2026 FALL - ALL,MKC,Moakley Center,MKC131,W,675,725,09/02/2026,12/18/2026,FULL,2026-10-03
2026 FALL - ALL,BDN,Boyden Hall,BDN223,F,675,725,09/02/2026,12/18/2026,OPEN,2026-10-03
2026 FALL - ALL,LIB,Maxwell Library,LIB001P,T,960,1010,09/02/2026,12/18/2026,OPEN,2026-10-03
2026 FALL - ALL,BDN,Boyden Hall,BDN223,T,1005,1055,09/02/2026,12/18/2026,OPEN,2026-10-03
2026 FALL - ALL,LIB,Maxwell Library,LIB206,T,1005,1055,09/02/2026,12/18/2026,OPEN,2026-10-03
2026 FALL - ALL,LIB,Maxwell Library,LIB008,W,1005,1055,09/02/2026,12/18/2026,OPEN,2026-10-03
2026 FALL - ALL,LIB,Maxwell Library,LIB008,M,1005,1055,09/02/2026,12/18/2026,OPEN,2026-10-03
2026 FALL - ALL,RSU,Rondileau Student Union,RSU114,T,1020,1140,09/02/2026,12/18/2026,OPEN,2026-10-03
2026 FALL - ALL,LIB,Maxwell Library,LIB001P,W,830,880,09/02/2026,12/18/2026,OPEN,2026-10-03
2026 FALL - ALL,LIB,Maxwell Library,LIB204,M,1005,1055,09/02/2026,12/18/2026,OPEN,2026-10-03
2026 FALL - ALL,MKC,Moakley Center,MKC307,TR,750,825,09/02/2026,12/18/2026,OPEN,2026-10-03
2026 FALL - ALL,RSU,Rondileau Student Union,RSU114,TR,925,1000,09/02/2026,12/18/2026,OPEN,2026-10-03
2026 FALL - ALL,HNT,Hunt Hall,HNT210,MWF,545,595,09/02/2026,12/18/2026,OPEN,2026-10-03
2026 FALL - ALL,HNT,Hunt Hall,HNT202,MW,675,725,09/02/2026,12/18/2026,OPEN,2026-10-03
2026 FALL - ALL,HNT,Hunt Hall,HNT210,W,610,660,09/02/2026,12/18/2026,OPEN,2026-10-03
2026 FALL - ALL,HNT,Hunt Hall,HNT210,TR,480,555,09/02/2026,12/18/2026,OPEN,2026-10-03
2026 FALL - ALL,HNT,Hunt Hall,HNT202,TR,660,735,09/02/2026,12/18/2026,OPEN,2026-10-03
2026 FALL - ALL,HNT,Hunt Hall,HNT202,TR,750,825,09/02/2026,12/18/2026,FULL,2026-10-03
2026 FALL - ALL,HNT,Hunt Hall,HNT202,MW,740,815,09/02/2026,12/18/2026,OPEN,2026-10-03
2026 FALL - ALL,HNT,Hunt Hall,HNT202,TR,840,915,09/02/2026,12/18/2026,OPEN,2026-10-03
2026 FALL - ALL,HNT,Hunt Hall,HNT102,TR,570,645,09/02/2026,12/18/2026,OPEN,2026-10-03
2026 FALL - ALL,LIB,Maxwell Library,LIB008,MWF,610,660,09/02/2026,12/18/2026,OPEN,2026-10-03
2026 FALL - ALL,HNT,Hunt Hall,HNT210,TR,925,1000,09/02/2026,12/18/2026,OPEN,2026-10-03
2026 FALL - ALL,HRG,Harrington Hall,HRG204,MWF,610,660,09/02/2026,12/18/2026,FULL,2026-10-03
2026 FALL - ALL,HRG,Harrington Hall,HRG214,MWF,675,725,09/02/2026,12/18/2026,OPEN,2026-10-03
2026 FALL - ALL,HNT,Hunt Hall,HNT101,MW,830,905,09/02/2026,12/18/2026,OPEN,2026-10-03
2026 FALL - ALL,MKC,Moakley Center,MKC318,TR,925,1000,09/02/2026,12/18/2026,OPEN,2026-10-03
2026 FALL - ALL,HNT,Hunt Hall,HNT102,TR,660,735,09/02/2026,12/18/2026,OPEN,2026-10-03
2026 FALL - ALL,HNT,Hunt Hall,HNT210,MW,920,995,09/02/2026,12/18/2026,OPEN,2026-10-03
2026 FALL - ALL,HRG,Harrington Hall,HRG009,TR,660,735,09/02/2026,12/18/2026,FULL,2026-10-03
2026 FALL - ALL,HRG,Harrington Hall,HRG213,R,840,915,09/02/2026,12/18/2026,OPEN,2026-10-03
2026 FALL - ALL,HNT,Hunt Hall,HNT209,MW,740,815,09/02/2026,12/18/2026,OPEN,2026-10-03
2026 FALL - ALL,HNT,Hunt Hall,HNT210,MF,610,660,09/02/2026,12/18/2026,OPEN,2026-10-03
2026 FALL - ALL,HNT,Hunt Hall,HNT209,MW,830,905,09/02/2026,12/18/2026,OPEN,2026-10-03
2026 FALL - ALL,HNT,Hunt Hall,HNT210,M,675,725,09/02/2026,12/18/2026,OPEN,2026-10-03
2026 FALL - ALL,HNT,Hunt Hall,HNT209,T,570,645,09/02/2026,12/18/2026,OPEN,2026-10-03
2026 FALL - ALL,HRG,Harrington Hall,HRG001,T,840,915,09/02/2026,12/18/2026,OPEN,2026-10-03
2026 FALL - ALL,HNT,Hunt Hall,HNT209,MW,920,995,09/02/2026,12/18/2026,OPEN,2026-10-03
2026 FALL - ALL,HNT,Hunt Hall,HNT209,R,570,645,09/02/2026,12/18/2026,OPEN,2026-10-03
2026 FALL - ALL,HNT,Hunt Hall,HNT209,T,750,825,09/02/2026,12/18/2026,OPEN,2026-10-03
2026 FALL - ALL,LIB,Maxwell Library,LIB117,T,925,975,09/02/2026,12/18/2026,OPEN,2026-10-03
2026 FALL - ALL,KLY,Kelly Gymnasium,KLY119,MWF,480,530,09/02/2026,12/18/2026,OPEN,2026-10-03
2026 FALL - ALL,DMF,DMF Science & Math Center,DMF342,TR,750,825,09/02/2026,12/18/2026,FULL,2026-10-03
2026 FALL - ALL,LIB,Maxwell Library,LIB008,TR,570,645,09/02/2026,12/18/2026,OPEN,2026-10-03
2026 FALL - ALL,KLY,Kelly Gymnasium,KLY119,MWF,610,660,09/02/2026,12/18/2026,OPEN,2026-10-03
2026 FALL - ALL,LIB,Maxwell Library,LIB012,TR,925,1000,09/02/2026,12/18/2026,OPEN,2026-10-03
2026 FALL - ALL,LIB,Maxwell Library,LIB206,MW,920,995,09/02/2026,12/18/2026,FULL,2026-10-03
2026 FALL - ALL,DMF,DMF Science & Math Center,DMF467,TR,570,645,09/02/2026,12/18/2026,OPEN,2026-10-03
2026 FALL - ALL,LIB,Maxwell Library,LIB007,M,545,595,09/02/2026,12/18/2026,FULL,2026-10-03
2026 FALL - ALL,LIB,Maxwell Library,LIB007,MWF,480,530,09/02/2026,12/18/2026,FULL,2026-10-03
2026 FALL - ALL,DMF,DMF Science & Math Center,DMF240,M,830,880,09/02/2026,12/18/2026,FULL,2026-10-03
2026 FALL - ALL,DMF,DMF Science & Math Center,DMF240,TR,840,915,09/02/2026,12/18/2026,FULL,2026-10-03
2026 FALL - ALL,DMF,DMF Science & Math Center,DMF465,MW,915,1015,09/02/2026,12/18/2026,OPEN,2026-10-03
2026 FALL - ALL,DMF,DMF Science & Math Center,DMF459,R,840,890,09/02/2026,12/18/2026,FULL,2026-10-03
2026 FALL - ALL,HRT,Hart Hall,HRT211,MW,830,905,09/02/2026,12/18/2026,FULL,2026-10-03
2026 FALL - ALL,DMF,DMF Science & Math Center,DMF465,TR,480,555,09/02/2026,12/18/2026,FULL,2026-10-03
2026 FALL - ALL,DMF,DMF Science & Math Center,DMF340,W,480,530,09/02/2026,12/18/2026,FULL,2026-10-03
2026 FALL - ALL,DMF,DMF Science & Math Center,DMF240,MWF,610,660,09/02/2026,12/18/2026,OPEN,2026-10-03
2026 FALL - ALL,DMF,DMF Science & Math Center,DMF240,F,675,725,09/02/2026,12/18/2026,OPEN,2026-10-03
2026 FALL - ALL,LIB,Maxwell Library,LIB007,F,545,595,09/02/2026,12/18/2026,FULL,2026-10-03
2026 FALL - ALL,LIB,Maxwell Library,LIB007,TR,570,645,09/02/2026,12/18/2026,FULL,2026-10-03
2026 FALL - ALL,DMF,DMF Science & Math Center,DMF242,F,740,790,09/02/2026,12/18/2026,OPEN,2026-10-03
2026 FALL - ALL,DMF,DMF Science & Math Center,DMF242,MW,740,815,09/02/2026,12/18/2026,OPEN,2026-10-03
2026 FALL - ALL,DMF,DMF Science & Math Center,DMF365,F,740,790,09/02/2026,12/18/2026,OPEN,2026-10-03
2026 FALL - ALL,DMF,DMF Science & Math Center,DMF365,TR,750,825,09/02/2026,12/18/2026,OPEN,2026-10-03
2026 FALL - ALL,LIB,Maxwell Library,LIB013B,TR,925,1025,09/02/2026,12/18/2026,OPEN,2026-10-03
2026 FALL - ALL,LIB,Maxwell Library,LIB007,F,675,725,09/02/2026,12/18/2026,FULL,2026-10-03
2026 FALL - ALL,LIB,Maxwell Library,LIB007,TR,660,735,09/02/2026,12/18/2026,FULL,2026-10-03
2026 FALL - ALL,DMF,DMF Science & Math Center,DMF365,F,545,595,09/02/2026,12/18/2026,OPEN,2026-10-03
2026 FALL - ALL,DMF,DMF Science & Math Center,DMF365,MWF,610,660,09/02/2026,12/18/2026,OPEN,2026-10-03
2026 FALL - ALL,MKC,Moakley Center,MKC135A,MWF,545,595,09/02/2026,12/18/2026,FULL,2026-10-03
2026 FALL - ALL,MKC,Moakley Center,MKC135A,M,610,660,09/02/2026,12/18/2026,FULL,2026-10-03
2026 FALL - ALL,DMF,DMF Science & Math Center,DMF459,MW,915,1015,09/02/2026,12/18/2026,OPEN,2026-10-03
2026 FALL - ALL,LIB,Maxwell Library,LIB008,T,750,800,09/02/2026,12/18/2026,FULL,2026-10-03
2026 FALL - ALL,LIB,Maxwell Library,LIB008,MW,740,815,09/02/2026,12/18/2026,FULL,2026-10-03
2026 FALL - ALL,LIB,Maxwell Library,LIB007,TR,925,1025,09/02/2026,12/18/2026,OPEN,2026-10-03
2026 FALL - ALL,HRT,Hart Hall,HRT114,TR,660,735,09/02/2026,12/18/2026,FULL,2026-10-03
2026 FALL - ALL,KLY,Kelly Gymnasium,KLY120,MWF,545,595,09/02/2026,12/18/2026,OPEN,2026-10-03
2026 FALL - ALL,DMF,DMF Science & Math Center,DMF440,MW,920,995,09/02/2026,12/18/2026,OPEN,2026-10-03
2026 FALL - ALL,DMF,DMF Science & Math Center,DMF440,TR,840,915,09/02/2026,12/18/2026,OPEN,2026-10-03
2026 FALL - ALL,LIB,Maxwell Library,LIB012,MW,740,815,09/02/2026,12/18/2026,FULL,2026-10-03
2026 FALL - ALL,LIB,Maxwell Library,LIB008,MW,830,905,09/02/2026,12/18/2026,OPEN,2026-10-03
2026 FALL - ALL,DMF,DMF Science & Math Center,DMF440,TR,925,1000,09/02/2026,12/18/2026,OPEN,2026-10-03
2026 FALL - ALL,DMF,DMF Science & Math Center,DMF242,TR,840,915,09/02/2026,12/18/2026,OPEN,2026-10-03
2026 FALL - ALL,DMF,DMF Science & Math Center,DMF240,TR,480,555,09/02/2026,12/18/2026,OPEN,2026-10-03
2026 FALL - ALL,LIB,Maxwell Library,LIB012,F,740,790,09/02/2026,12/18/2026,FULL,2026-10-03
2026 FALL - ALL,LIB,Maxwell Library,LIB008,T,840,890,09/02/2026,12/18/2026,OPEN,2026-10-03
2026 FALL - ALL,LIB,Maxwell Library,LIB013B,W,920,970,09/02/2026,12/18/2026,OPEN,2026-10-03
2026 FALL - ALL,DMF,DMF Science & Math Center,DMF240,W,830,880,09/02/2026,12/18/2026,OPEN,2026-10-03
2026 FALL - ALL,DMF,DMF Science & Math Center,DMF260,W,480,530,09/02/2026,12/18/2026,OPEN,2026-10-03
2026 FALL - ALL,DMF,DMF Science & Math Center,DMF465,MWF,610,660,09/02/2026,12/18/2026,FULL,2026-10-03
2026 FALL - ALL,DMF,DMF Science & Math Center,DMF459,TR,660,735,09/02/2026,12/18/2026,FULL,2026-10-03
2026 FALL - ALL,KLY,Kelly Gymnasium,KLY120,MWF,480,530,09/02/2026,12/18/2026,OPEN,2026-10-03
2026 FALL - ALL,KLY,Kelly Gymnasium,KLY121,TR,570,645,09/02/2026,12/18/2026,FULL,2026-10-03
2026 FALL - ALL,DMF,DMF Science & Math Center,DMF240,MW,920,995,09/02/2026,12/18/2026,OPEN,2026-10-03
2026 FALL - ALL,DMF,DMF Science & Math Center,DMF259,MW,830,905,09/02/2026,12/18/2026,OPEN,2026-10-03
2026 FALL - ALL,DMF,DMF Science & Math Center,DMF367,TR,570,645,09/02/2026,12/18/2026,OPEN,2026-10-03
2026 FALL - ALL,LIB,Maxwell Library,LIB008,TR,480,555,09/02/2026,12/18/2026,OPEN,2026-10-03
2026 FALL - ALL,DMF,DMF Science & Math Center,DMF463,TR,840,915,09/02/2026,12/18/2026,FULL,2026-10-03
2026 FALL - ALL,KLY,Kelly Gymnasium,KLY120,MWF,610,660,09/02/2026,12/18/2026,OPEN,2026-10-03
2026 FALL - ALL,DMF,DMF Science & Math Center,DMF465,MWF,675,725,09/02/2026,12/18/2026,FULL,2026-10-03
2026 FALL - ALL,KLY,Kelly Gymnasium,KLY121,MW,740,815,09/02/2026,12/18/2026,OPEN,2026-10-03
2026 FALL - ALL,HNT,Hunt Hall,HNT102,MW,920,995,09/02/2026,12/18/2026,FULL,2026-10-03
2026 FALL - ALL,DMF,DMF Science & Math Center,DMF440,W,1005,1165,09/02/2026,12/18/2026,OPEN,2026-10-03
2026 FALL - ALL,DMF,DMF Science & Math Center,DMF365,W,480,530,09/02/2026,12/18/2026,OPEN,2026-10-03
2026 FALL - ALL,LIB,Maxwell Library,LIB206,M,830,880,09/02/2026,12/18/2026,FULL,2026-10-03
2026 FALL - ALL,KLY,Kelly Gymnasium,KLY120,F,675,725,09/02/2026,12/18/2026,OPEN,2026-10-03
2026 FALL - ALL,DMF,DMF Science & Math Center,DMF465,F,740,790,09/02/2026,12/18/2026,FULL,2026-10-03
2026 FALL - ALL,KLY,Kelly Gymnasium,KLY121,F,740,790,09/02/2026,12/18/2026,OPEN,2026-10-03
2026 FALL - ALL,DMF,DMF Science & Math Center,DMF365,R,925,975,09/02/2026,12/18/2026,FULL,2026-10-03
2026 FALL - ALL,DMF,DMF Science & Math Center,DMF459,MW,740,815,09/02/2026,12/18/2026,FULL,2026-10-03
2026 FALL - ALL,DMF,DMF Science & Math Center,DMF459,MW,830,905,09/02/2026,12/18/2026,OPEN,2026-10-03
2026 FALL - ALL,DMF,DMF Science & Math Center,DMF260,TR,570,620,09/02/2026,12/18/2026,OPEN,2026-10-03
2026 FALL - ALL,DMF,DMF Science & Math Center,DMF260,TR,660,710,09/02/2026,12/18/2026,OPEN,2026-10-03
2026 FALL - ALL,DMF,DMF Science & Math Center,DMF440,TR,570,645,09/02/2026,12/18/2026,FULL,2026-10-03
2026 FALL - ALL,DMF,DMF Science & Math Center,DMF440,TR,660,735,09/02/2026,12/18/2026,OPEN,2026-10-03
2026 FALL - ALL,MKC,Moakley Center,MKC217,MW,830,905,09/02/2026,12/18/2026,FULL,2026-10-03
2026 FALL - ALL,DMF,DMF Science & Math Center,DMF240,TR,750,825,09/02/2026,12/18/2026,OPEN,2026-10-03
2026 FALL - ALL,LIB,Maxwell Library,LIB216,MW,830,905,09/02/2026,12/18/2026,FULL,2026-10-03
2026 FALL - ALL,HRG,Harrington Hall,HRG009,MWF,675,725,09/02/2026,12/18/2026,OPEN,2026-10-03
2026 FALL - ALL,KLY,Kelly Gymnasium,KLY121,TR,750,825,09/02/2026,12/18/2026,OPEN,2026-10-03
2026 FALL - ALL,HRG,Harrington Hall,HRG009,MWF,610,660,09/02/2026,12/18/2026,FULL,2026-10-03
2026 FALL - ALL,DMF,DMF Science & Math Center,DMF465,MWF,480,530,09/02/2026,12/18/2026,OPEN,2026-10-03
2026 FALL - ALL,LIB,Maxwell Library,LIB007,TR,480,555,09/02/2026,12/18/2026,OPEN,2026-10-03
2026 FALL - ALL,LIB,Maxwell Library,LIB012,MW,920,995,09/02/2026,12/18/2026,OPEN,2026-10-03
2026 FALL - ALL,LIB,Maxwell Library,LIB306,TR,840,915,09/02/2026,12/18/2026,OPEN,2026-10-03
2026 FALL - ALL,DMF,DMF Science & Math Center,DMF463,TR,925,1000,09/02/2026,12/18/2026,OPEN,2026-10-03
2026 FALL - ALL,DMF,DMF Science & Math Center,DMF259,F,740,895,09/02/2026,12/18/2026,OPEN,2026-10-03
2026 FALL - ALL,KLY,Kelly Gymnasium,KLY120,TR,660,735,09/02/2026,12/18/2026,FULL,2026-10-03
2026 FALL - ALL,KLY,Kelly Gymnasium,KLY121,MWF,480,530,09/02/2026,12/18/2026,OPEN,2026-10-03
2026 FALL - ALL,KLY,Kelly Gymnasium,KLY121,MWF,675,725,09/02/2026,12/18/2026,FULL,2026-10-03
2026 FALL - ALL,DMF,DMF Science & Math Center,DMF465,MW,740,815,09/02/2026,12/18/2026,FULL,2026-10-03
2026 FALL - ALL,DMF,DMF Science & Math Center,DMF260,MW,830,905,09/02/2026,12/18/2026,OPEN,2026-10-03
2026 FALL - ALL,LIB,Maxwell Library,LIB013B,TR,840,915,09/02/2026,12/18/2026,OPEN,2026-10-03
2026 FALL - ALL,KLY,Kelly Gymnasium,KLY120,TR,570,645,09/02/2026,12/18/2026,FULL,2026-10-03
2026 FALL - ALL,KLY,Kelly Gymnasium,KLY121,MWF,545,595,09/02/2026,12/18/2026,FULL,2026-10-03
2026 FALL - ALL,DMF,DMF Science & Math Center,DMF259,MWF,610,660,09/02/2026,12/18/2026,FULL,2026-10-03
2026 FALL - ALL,DMF,DMF Science & Math Center,DMF260,MW,920,995,09/02/2026,12/18/2026,OPEN,2026-10-03
2026 FALL - ALL,KLY,Kelly Gymnasium,KLY119,TR,480,555,09/02/2026,12/18/2026,OPEN,2026-10-03
2026 FALL - ALL,LIB,Maxwell Library,LIB013A,TR,660,735,09/02/2026,12/18/2026,FULL,2026-10-03
2026 FALL - ALL,KLY,Kelly Gymnasium,KLY120,TR,750,825,09/02/2026,12/18/2026,FULL,2026-10-03
2026 FALL - ALL,LIB,Maxwell Library,LIB012,TR,840,915,09/02/2026,12/18/2026,OPEN,2026-10-03
2026 FALL - ALL,LIB,Maxwell Library,LIB008,TR,925,1000,09/02/2026,12/18/2026,OPEN,2026-10-03
2026 FALL - ALL,DMF,DMF Science & Math Center,DMF440,MWF,545,595,09/02/2026,12/18/2026,FULL,2026-10-03
2026 FALL - ALL,KLY,Kelly Gymnasium,KLY121,MWF,610,660,09/02/2026,12/18/2026,FULL,2026-10-03
2026 FALL - ALL,BDN,Boyden Hall,BDN222,MWF,675,725,09/02/2026,12/18/2026,FULL,2026-10-03
2026 FALL - ALL,DMF,DMF Science & Math Center,DMF465,TR,925,1000,09/02/2026,12/18/2026,OPEN,2026-10-03
2026 FALL - ALL,LIB,Maxwell Library,LIB008,MWF,545,595,09/02/2026,12/18/2026,OPEN,2026-10-03
2026 FALL - ALL,LIB,Maxwell Library,LIB307,TR,570,645,09/02/2026,12/18/2026,FULL,2026-10-03
2026 FALL - ALL,LIB,Maxwell Library,LIB008,MW,920,995,09/02/2026,12/18/2026,FULL,2026-10-03
2026 FALL - ALL,LIB,Maxwell Library,LIB307,TR,480,555,09/02/2026,12/18/2026,OPEN,2026-10-03
2026 FALL - ALL,DMF,DMF Science & Math Center,DMF259,MW,920,995,09/02/2026,12/18/2026,OPEN,2026-10-03
2026 FALL - ALL,DMF,DMF Science & Math Center,DMF259,MWF,545,595,09/02/2026,12/18/2026,OPEN,2026-10-03
2026 FALL - ALL,DMF,DMF Science & Math Center,DMF259,MWF,675,725,09/02/2026,12/18/2026,OPEN,2026-10-03
2026 FALL - ALL,DMF,DMF Science & Math Center,DMF242,TR,750,825,09/02/2026,12/18/2026,FULL,2026-10-03
2026 FALL - ALL,DMF,DMF Science & Math Center,DMF259,TR,925,1000,09/02/2026,12/18/2026,OPEN,2026-10-03
2026 FALL - ALL,HRT,Hart Hall,HRT114,TR,570,645,09/02/2026,12/18/2026,OPEN,2026-10-03
2026 FALL - ALL,MKC,Moakley Center,MKC130G,MWF,675,725,09/02/2026,12/18/2026,OPEN,2026-10-03
2026 FALL - ALL,HRG,Harrington Hall,HRG009,MWF,545,595,09/02/2026,12/18/2026,OPEN,2026-10-03
2026 FALL - ALL,LIB,Maxwell Library,LIB012,TR,660,735,09/02/2026,12/18/2026,OPEN,2026-10-03
2026 FALL - ALL,DMF,DMF Science & Math Center,DMF240,TR,925,1000,09/02/2026,12/18/2026,OPEN,2026-10-03
2026 FALL - ALL,DMF,DMF Science & Math Center,DMF365,MW,920,995,09/02/2026,12/18/2026,OPEN,2026-10-03
2026 FALL - ALL,LIB,Maxwell Library,LIB012,TR,750,825,09/02/2026,12/18/2026,OPEN,2026-10-03
2026 FALL - ALL,DMF,DMF Science & Math Center,DMF459,TR,480,555,09/02/2026,12/18/2026,OPEN,2026-10-03
2026 FALL - ALL,DMF,DMF Science & Math Center,DMF260,MWF,675,725,09/02/2026,12/18/2026,OPEN,2026-10-03
2026 FALL - ALL,DMF,DMF Science & Math Center,DMF471,M,675,725,09/02/2026,12/18/2026,OPEN,2026-10-03
2026 FALL - ALL,LIB,Maxwell Library,LIB116,F,675,725,09/02/2026,12/18/2026,OPEN,2026-10-03
2026 FALL - ALL,DMF,DMF Science & Math Center,DMF471,M,545,595,09/02/2026,12/18/2026,FULL,2026-10-03
2026 FALL - ALL,DMF,DMF Science & Math Center,DMF471,F,545,595,09/02/2026,12/18/2026,OPEN,2026-10-03
2026 FALL - ALL,DMF,DMF Science & Math Center,DMF471,R,505,555,09/02/2026,12/18/2026,OPEN,2026-10-03
2026 FALL - ALL,DMF,DMF Science & Math Center,DMF471,M,915,965,09/02/2026,12/18/2026,OPEN,2026-10-03
2026 FALL - ALL,DMF,DMF Science & Math Center,DMF471,R,840,890,09/02/2026,12/18/2026,FULL,2026-10-03
2026 FALL - ALL,LIB,Maxwell Library,LIB116,M,675,725,09/02/2026,12/18/2026,FULL,2026-10-03
2026 FALL - ALL,DMF,DMF Science & Math Center,DMF471,F,675,725,09/02/2026,12/18/2026,OPEN,2026-10-03
2026 FALL - ALL,DMF,DMF Science & Math Center,DMF471,F,610,660,09/02/2026,12/18/2026,OPEN,2026-10-03
2026 FALL - ALL,DMF,DMF Science & Math Center,DMF471,T,840,890,09/02/2026,12/18/2026,OPEN,2026-10-03
2026 FALL - ALL,DMF,DMF Science & Math Center,DMF471,F,740,790,09/02/2026,12/18/2026,OPEN,2026-10-03
2026 FALL - ALL,DMF,DMF Science & Math Center,DMF342,R,840,890,09/02/2026,12/18/2026,OPEN,2026-10-03
2026 FALL - ALL,LIB,Maxwell Library,LIB116,F,545,595,09/02/2026,12/18/2026,OPEN,2026-10-03
2026 FALL - ALL,DMF,DMF Science & Math Center,DMF471,F,480,530,09/02/2026,12/18/2026,OPEN,2026-10-03
2026 FALL - ALL,MKC,Moakley Center,MKC217,F,740,790,09/02/2026,12/18/2026,OPEN,2026-10-03
2026 FALL - ALL,MKC,Moakley Center,MKC217,MW,740,815,09/02/2026,12/18/2026,OPEN,2026-10-03
2026 FALL - ALL,KLY,Kelly Gymnasium,KLY121,TR,660,735,09/02/2026,12/18/2026,OPEN,2026-10-03
2026 FALL - ALL,KLY,Kelly Gymnasium,KLY120,W,675,725,09/02/2026,12/18/2026,OPEN,2026-10-03
2026 FALL - ALL,KLY,Kelly Gymnasium,KLY121,TR,840,915,09/02/2026,12/18/2026,OPEN,2026-10-03
2026 FALL - ALL,KLY,Kelly Gymnasium,KLY121,W,830,880,09/02/2026,12/18/2026,OPEN,2026-10-03
2026 FALL - ALL,DMF,DMF Science & Math Center,DMF242,MW,915,1015,09/02/2026,12/18/2026,OPEN,2026-10-03
2026 FALL - ALL,DMF,DMF Science & Math Center,DMF367,W,675,725,09/02/2026,12/18/2026,OPEN,2026-10-03
2026 FALL - ALL,DMF,DMF Science & Math Center,DMF259,TR,660,735,09/02/2026,12/18/2026,OPEN,2026-10-03
2026 FALL - ALL,DMF,DMF Science & Math Center,DMF240,W,545,595,09/02/2026,12/18/2026,OPEN,2026-10-03
2026 FALL - ALL,DMF,DMF Science & Math Center,DMF240,TR,570,645,09/02/2026,12/18/2026,OPEN,2026-10-03
2026 FALL - ALL,DMF,DMF Science & Math Center,DMF440,MW,830,905,09/02/2026,12/18/2026,OPEN,2026-10-03
2026 FALL - ALL,DMF,DMF Science & Math Center,DMF459,T,840,890,09/02/2026,12/18/2026,OPEN,2026-10-03
2026 FALL - ALL,DMF,DMF Science & Math Center,DMF242,W,675,725,09/02/2026,12/18/2026,OPEN,2026-10-03
2026 FALL - ALL,DMF,DMF Science & Math Center,DMF242,TR,660,735,09/02/2026,12/18/2026,OPEN,2026-10-03
2026 FALL - ALL,DMF,DMF Science & Math Center,DMF440,W,740,790,09/02/2026,12/18/2026,OPEN,2026-10-03
2026 FALL - ALL,DMF,DMF Science & Math Center,DMF440,TR,750,825,09/02/2026,12/18/2026,OPEN,2026-10-03
2026 FALL - ALL,DMF,DMF Science & Math Center,DMF242,MW,480,530,09/02/2026,12/18/2026,OPEN,2026-10-03
2026 FALL - ALL,DMF,DMF Science & Math Center,DMF242,MW,545,595,09/02/2026,12/18/2026,OPEN,2026-10-03
2026 FALL - ALL,DMF,DMF Science & Math Center,DMF240,W,675,725,09/02/2026,12/18/2026,OPEN,2026-10-03
2026 FALL - ALL,DMF,DMF Science & Math Center,DMF240,TR,660,735,09/02/2026,12/18/2026,OPEN,2026-10-03
2026 FALL - ALL,LIB,Maxwell Library,LIB212,MW,830,905,09/02/2026,12/18/2026,OPEN,2026-10-03
2026 FALL - ALL,LIB,Maxwell Library,LIB013A,T,840,890,09/02/2026,12/18/2026,OPEN,2026-10-03
2026 FALL - ALL,KLY,Kelly Gymnasium,KLY119,TR,840,915,09/02/2026,12/18/2026,OPEN,2026-10-03
2026 FALL - ALL,DMF,DMF Science & Math Center,DMF459,MWF,610,660,09/02/2026,12/18/2026,OPEN,2026-10-03
2026 FALL - ALL,DMF,DMF Science & Math Center,DMF367,MWF,545,595,09/02/2026,12/18/2026,OPEN,2026-10-03
2026 FALL - ALL,DMF,DMF Science & Math Center,DMF367,MWF,610,660,09/02/2026,12/18/2026,FULL,2026-10-03
2026 FALL - ALL,LIB,Maxwell Library,LIB309,TR,570,645,09/02/2026,12/18/2026,OPEN,2026-10-03
2026 FALL - ALL,DMF,DMF Science & Math Center,DMF465,TR,750,825,09/02/2026,12/18/2026,OPEN,2026-10-03
2026 FALL - ALL,DMF,DMF Science & Math Center,DMF259,TR,570,645,09/02/2026,12/18/2026,OPEN,2026-10-03
2026 FALL - ALL,DMF,DMF Science & Math Center,DMF240,MW,740,815,09/02/2026,12/18/2026,FULL,2026-10-03
2026 FALL - ALL,KLY,Kelly Gymnasium,KLY119,TR,570,645,09/02/2026,12/18/2026,OPEN,2026-10-03
2026 FALL - ALL,KLY,Kelly Gymnasium,KLY119,W,545,595,09/02/2026,12/18/2026,OPEN,2026-10-03
2026 FALL - ALL,DMF,DMF Science & Math Center,DMF260,MW,740,815,09/02/2026,12/18/2026,OPEN,2026-10-03
2026 FALL - ALL,DMF,DMF Science & Math Center,DMF260,F,740,790,09/02/2026,12/18/2026,OPEN,2026-10-03
2026 FALL - ALL,KLY,Kelly Gymnasium,KLY120,MW,740,815,09/02/2026,12/18/2026,FULL,2026-10-03
2026 FALL - ALL,KLY,Kelly Gymnasium,KLY119,T,750,800,09/02/2026,12/18/2026,FULL,2026-10-03
2026 FALL - ALL,KLY,Kelly Gymnasium,KLY119,MW,765,815,09/02/2026,12/18/2026,OPEN,2026-10-03
2026 FALL - ALL,KLY,Kelly Gymnasium,KLY119,MW,830,880,09/02/2026,12/18/2026,OPEN,2026-10-03
2026 FALL - ALL,DMF,DMF Science & Math Center,DMF459,MWF,675,725,09/02/2026,12/18/2026,OPEN,2026-10-03
2026 FALL - ALL,DMF,DMF Science & Math Center,DMF242,MWF,610,660,09/02/2026,12/18/2026,OPEN,2026-10-03
2026 FALL - ALL,DMF,DMF Science & Math Center,DMF459,MWF,545,595,09/02/2026,12/18/2026,OPEN,2026-10-03
2026 FALL - ALL,DMF,DMF Science & Math Center,DMF459,TR,750,825,09/02/2026,12/18/2026,OPEN,2026-10-03
2026 FALL - ALL,DMF,DMF Science & Math Center,DMF440,MW,675,725,09/02/2026,12/18/2026,OPEN,2026-10-03
2026 FALL - ALL,DMF,DMF Science & Math Center,DMF440,MW,610,660,09/02/2026,12/18/2026,OPEN,2026-10-03
2026 FALL - ALL,DMF,DMF Science & Math Center,DMF367,T,840,890,09/02/2026,12/18/2026,OPEN,2026-10-03
2026 FALL - ALL,DMF,DMF Science & Math Center,DMF367,TR,750,825,09/02/2026,12/18/2026,OPEN,2026-10-03
2026 FALL - ALL,DMF,DMF Science & Math Center,DMF459,TR,570,645,09/02/2026,12/18/2026,OPEN,2026-10-03
2026 FALL - ALL,DMF,DMF Science & Math Center,DMF342,TR,660,735,09/02/2026,12/18/2026,OPEN,2026-10-03
2026 FALL - ALL,DMF,DMF Science & Math Center,DMF242,TR,480,555,09/02/2026,12/18/2026,OPEN,2026-10-03
2026 FALL - ALL,DMF,DMF Science & Math Center,DMF367,MW,830,905,09/02/2026,12/18/2026,OPEN,2026-10-03
2026 FALL - ALL,DMF,DMF Science & Math Center,DMF440,R,1005,1165,09/02/2026,12/18/2026,OPEN,2026-10-03
2026 FALL - ALL,KLY,Kelly Gymnasium,KLY120,MW,830,905,09/02/2026,12/18/2026,OPEN,2026-10-03
2026 FALL - ALL,KLY,Kelly Gymnasium,KLY120,MW,830,905,09/02/2026,12/18/2026,OPEN,2026-10-03
2026 FALL - ALL,DMF,DMF Science & Math Center,DMF367,MW,740,815,09/02/2026,12/18/2026,OPEN,2026-10-03
2026 FALL - ALL,DMF,DMF Science & Math Center,DMF367,MW,740,815,09/02/2026,12/18/2026,FULL,2026-10-03
2026 FALL - ALL,DMF,DMF Science & Math Center,DMF259,TR,750,825,09/02/2026,12/18/2026,OPEN,2026-10-03
2026 FALL - ALL,DMF,DMF Science & Math Center,DMF259,TR,750,825,09/02/2026,12/18/2026,OPEN,2026-10-03
2026 FALL - ALL,DMF,DMF Science & Math Center,DMF367,TR,660,735,09/02/2026,12/18/2026,OPEN,2026-10-03
2026 FALL - ALL,DMF,DMF Science & Math Center,DMF285,TR,840,915,09/02/2026,12/18/2026,OPEN,2026-10-03
2026 FALL - ALL,HRG,Harrington Hall,HRG005,MWF,610,660,09/02/2026,12/18/2026,FULL,2026-10-03
2026 FALL - ALL,HRG,Harrington Hall,HRG005,MWF,480,530,09/02/2026,12/18/2026,FULL,2026-10-03
2026 FALL - ALL,HRG,Harrington Hall,HRG206,MWF,675,725,09/02/2026,12/18/2026,OPEN,2026-10-03
2026 FALL - ALL,HRG,Harrington Hall,HRG005,TR,750,825,09/02/2026,12/18/2026,OPEN,2026-10-03
2026 FALL - ALL,HRG,Harrington Hall,HRG005,TR,480,555,09/02/2026,12/18/2026,FULL,2026-10-03
2026 FALL - ALL,HRG,Harrington Hall,HRG214,R,480,555,09/02/2026,12/18/2026,FULL,2026-10-03
2026 FALL - ALL,HRG,Harrington Hall,HRG202,WF,830,880,09/02/2026,12/18/2026,OPEN,2026-10-03
2026 FALL - ALL,HRG,Harrington Hall,HRG214,MWF,610,660,09/02/2026,12/18/2026,FULL,2026-10-03
2026 FALL - ALL,HRG,Harrington Hall,HRG005,M,915,1070,09/02/2026,12/18/2026,OPEN,2026-10-03
2026 FALL - ALL,HRG,Harrington Hall,HRG005,T,1080,1240,09/02/2026,12/18/2026,OPEN,2026-10-03
2026 FALL - ALL,HRG,Harrington Hall,HRG214,W,830,990,09/02/2026,12/18/2026,OPEN,2026-10-03
2026 FALL - ALL,HRG,Harrington Hall,HRG006,W,915,1070,09/02/2026,12/18/2026,FULL,2026-10-03
2026 FALL - ALL,HRG,Harrington Hall,HRG006,MW,740,815,09/02/2026,12/18/2026,FULL,2026-10-03
2026 FALL - ALL,HRG,Harrington Hall,HRG214,TR,750,825,09/02/2026,12/18/2026,FULL,2026-10-03
2026 FALL - ALL,HRG,Harrington Hall,HRG005,TR,925,1000,09/02/2026,12/18/2026,OPEN,2026-10-03
2026 FALL - ALL,HRG,Harrington Hall,HRG202,F,480,530,09/02/2026,12/18/2026,OPEN,2026-10-03
2026 FALL - ALL,HRG,Harrington Hall,HRG206,MW,480,530,09/02/2026,12/18/2026,OPEN,2026-10-03
2026 FALL - ALL,HRG,Harrington Hall,HRG005,W,830,990,09/02/2026,12/18/2026,OPEN,2026-10-03
2026 FALL - ALL,HRG,Harrington Hall,HRG005,W,740,815,09/02/2026,12/18/2026,OPEN,2026-10-03
2026 FALL - ALL,HRG,Harrington Hall,HRG005,TR,660,735,09/02/2026,12/18/2026,FULL,2026-10-03
2026 FALL - ALL,HRG,Harrington Hall,HRG006,MWF,545,595,09/02/2026,12/18/2026,OPEN,2026-10-03
2026 FALL - ALL,HRG,Harrington Hall,HRG214,T,840,1000,09/02/2026,12/18/2026,FULL,2026-10-03
2026 FALL - ALL,HRG,Harrington Hall,HRG005,T,570,645,09/02/2026,12/18/2026,OPEN,2026-10-03
2026 FALL - ALL,HRG,Harrington Hall,HRG005,R,570,645,09/02/2026,12/18/2026,OPEN,2026-10-03
2026 FALL - ALL,HRG,Harrington Hall,HRG214,R,840,1000,09/02/2026,12/18/2026,OPEN,2026-10-03
2026 FALL - ALL,HRG,Harrington Hall,HRG213,MWF,610,660,09/02/2026,12/18/2026,OPEN,2026-10-03
2026 FALL - ALL,HRG,Harrington Hall,HRG213,MW,740,815,09/02/2026,12/18/2026,OPEN,2026-10-03
2026 FALL - ALL,HRG,Harrington Hall,HRG213,TR,660,735,09/02/2026,12/18/2026,FULL,2026-10-03
2026 FALL - ALL,HRG,Harrington Hall,HRG005,MWF,675,725,09/02/2026,12/18/2026,OPEN,2026-10-03
2026 FALL - ALL,HRG,Harrington Hall,HRG213,M,830,990,09/02/2026,12/18/2026,OPEN,2026-10-03
2026 FALL - ALL,HRG,Harrington Hall,HRG006,MWF,675,725,09/02/2026,12/18/2026,FULL,2026-10-03
2026 FALL - ALL,HRG,Harrington Hall,HRG006,MWF,480,530,09/02/2026,12/18/2026,FULL,2026-10-03
2026 FALL - ALL,HRG,Harrington Hall,HRG006,F,740,895,09/02/2026,12/18/2026,OPEN,2026-10-03
2026 FALL - ALL,HRG,Harrington Hall,HRG006,TR,750,825,09/02/2026,12/18/2026,FULL,2026-10-03
2026 FALL - ALL,HRG,Harrington Hall,HRG006,TR,840,915,09/02/2026,12/18/2026,FULL,2026-10-03
2026 FALL - ALL,HRG,Harrington Hall,HRG006,TR,480,555,09/02/2026,12/18/2026,FULL,2026-10-03
2026 FALL - ALL,HRG,Harrington Hall,HRG202,TR,570,645,09/02/2026,12/18/2026,FULL,2026-10-03
2026 FALL - ALL,HRG,Harrington Hall,HRG214,M,830,990,09/02/2026,12/18/2026,OPEN,2026-10-03
2026 FALL - ALL,BDN,Boyden Hall,BDNAUD,R,1005,1165,09/02/2026,12/18/2026,OPEN,2026-10-03
2026 FALL - ALL,RSU,Rondileau Student Union,RSU201,TR,925,1000,09/02/2026,12/18/2026,OPEN,2026-10-03
2026 FALL - ALL,BDN,Boyden Hall,BDNAUD,TR,840,915,09/02/2026,12/18/2026,OPEN,2026-10-03
2026 FALL - ALL,RSU,Rondileau Student Union,RSU017E,W,1035,1095,09/02/2026,12/18/2026,OPEN,2026-10-03
2026 FALL - ALL,BDN,Boyden Hall,BDNAUD,R,570,630,09/02/2026,12/18/2026,OPEN,2026-10-03
2026 FALL - ALL,BDN,Boyden Hall,BDNAUD,W,675,725,09/02/2026,12/18/2026,OPEN,2026-10-03
2026 FALL - ALL,RSU,Rondileau Student Union,RSU017E,T,660,720,09/02/2026,12/18/2026,OPEN,2026-10-03
2026 FALL - ALL,RSU,Rondileau Student Union,RSU017E,W,545,595,09/02/2026,12/18/2026,OPEN,2026-10-03
2026 FALL - ALL,BDN,Boyden Hall,BDNAUD,F,610,660,09/02/2026,12/18/2026,OPEN,2026-10-03
2026 FALL - ALL,RSU,Rondileau Student Union,RSU017E,R,1050,1140,09/02/2026,12/18/2026,OPEN,2026-10-03
2026 FALL - ALL,BDN,Boyden Hall,BDNAUD,W,920,1015,09/02/2026,12/18/2026,OPEN,2026-10-03
2026 FALL - ALL,MKC,Moakley Center,MKC100,M,920,1015,09/02/2026,12/18/2026,OPEN,2026-10-03
2026 FALL - ALL,HNT,Hunt Hall,HNT109,TR,840,915,09/02/2026,12/18/2026,OPEN,2026-10-03
2026 FALL - ALL,RSU,Rondileau Student Union,RSU017D,TR,840,915,09/02/2026,12/18/2026,OPEN,2026-10-03
2026 FALL - ALL,RSU,Rondileau Student Union,RSU017D,TR,750,825,09/02/2026,12/18/2026,OPEN,2026-10-03
2026 FALL - ALL,HNT,Hunt Hall,HNT109,MW,740,815,09/02/2026,12/18/2026,FULL,2026-10-03
2026 FALL - ALL,HNT,Hunt Hall,HNT110,TR,570,645,09/02/2026,12/18/2026,OPEN,2026-10-03
2026 FALL - ALL,HNT,Hunt Hall,HNT110,TR,660,735,09/02/2026,12/18/2026,FULL,2026-10-03
2026 FALL - ALL,HNT,Hunt Hall,HNT110,TR,840,915,09/02/2026,12/18/2026,OPEN,2026-10-03
2026 FALL - ALL,RSU,Rondileau Student Union,RSU017D,MWF,675,725,09/02/2026,12/18/2026,OPEN,2026-10-03
2026 FALL - ALL,RSU,Rondileau Student Union,RSU017D,TR,660,735,09/02/2026,12/18/2026,FULL,2026-10-03
2026 FALL - ALL,RSU,Rondileau Student Union,RSU017D,TR,925,1000,09/02/2026,12/18/2026,OPEN,2026-10-03
2026 FALL - ALL,BDN,Boyden Hall,BDNAUD,TR,660,735,09/02/2026,12/18/2026,OPEN,2026-10-03
2026 FALL - ALL,RSU,Rondileau Student Union,RSU017E,TR,925,1000,09/02/2026,12/18/2026,OPEN,2026-10-03
2026 FALL - ALL,HNT,Hunt Hall,HNT109,TR,660,735,09/02/2026,12/18/2026,OPEN,2026-10-03
2026 FALL - ALL,HNT,Hunt Hall,HNT109,MWF,610,660,09/02/2026,12/18/2026,OPEN,2026-10-03
2026 FALL - ALL,HNT,Hunt Hall,HNT109,MWF,675,725,09/02/2026,12/18/2026,OPEN,2026-10-03
2026 FALL - ALL,HNT,Hunt Hall,HNT213,MWF,675,725,09/02/2026,12/18/2026,OPEN,2026-10-03
2026 FALL - ALL,HNT,Hunt Hall,HNT213,MW,830,905,09/02/2026,12/18/2026,FULL,2026-10-03
2026 FALL - ALL,HNT,Hunt Hall,HNT213,TR,750,825,09/02/2026,12/18/2026,FULL,2026-10-03
2026 FALL - ALL,HNT,Hunt Hall,HNT213,MW,740,815,09/02/2026,12/18/2026,FULL,2026-10-03
2026 FALL - ALL,HNT,Hunt Hall,HNT213,F,740,790,09/02/2026,12/18/2026,FULL,2026-10-03
2026 FALL - ALL,HNT,Hunt Hall,HNT110,F,545,595,09/02/2026,12/18/2026,OPEN,2026-10-03
2026 FALL - ALL,HNT,Hunt Hall,HNT213,TR,570,645,09/02/2026,12/18/2026,OPEN,2026-10-03
2026 FALL - ALL,HNT,Hunt Hall,HNT209,F,480,530,09/02/2026,12/18/2026,FULL,2026-10-03
2026 FALL - ALL,HNT,Hunt Hall,HNT213,TR,480,555,09/02/2026,12/18/2026,FULL,2026-10-03
2026 FALL - ALL,HNT,Hunt Hall,HNT109,F,480,530,09/02/2026,12/18/2026,FULL,2026-10-03
2026 FALL - ALL,HNT,Hunt Hall,HNT109,TR,480,555,09/02/2026,12/18/2026,FULL,2026-10-03
2026 FALL - ALL,HNT,Hunt Hall,HNT213,MWF,545,595,09/02/2026,12/18/2026,FULL,2026-10-03
2026 FALL - ALL,RSU,Rondileau Student Union,RSU017E,MW,740,815,09/02/2026,12/18/2026,OPEN,2026-10-03
2026 FALL - ALL,HNT,Hunt Hall,HNT109,TR,750,825,09/02/2026,12/18/2026,FULL,2026-10-03
2026 FALL - ALL,RSU,Rondileau Student Union,RSU017E,MWF,610,660,09/02/2026,12/18/2026,FULL,2026-10-03
2026 FALL - ALL,HNT,Hunt Hall,HNT110,F,480,530,09/02/2026,12/18/2026,OPEN,2026-10-03
2026 FALL - ALL,HNT,Hunt Hall,HNT213,MWF,480,530,09/02/2026,12/18/2026,OPEN,2026-10-03
2026 FALL - ALL,RSU,Rondileau Student Union,RSU017D,MW,740,815,09/02/2026,12/18/2026,OPEN,2026-10-03
2026 FALL - ALL,HNT,Hunt Hall,HNT110,MWF,610,660,09/02/2026,12/18/2026,OPEN,2026-10-03
2026 FALL - ALL,HNT,Hunt Hall,HNT110,MW,830,905,09/02/2026,12/18/2026,OPEN,2026-10-03
2026 FALL - ALL,HNT,Hunt Hall,HNT110,F,830,880,09/02/2026,12/18/2026,OPEN,2026-10-03
2026 FALL - ALL,HNT,Hunt Hall,HNT110,TR,750,825,09/02/2026,12/18/2026,FULL,2026-10-03
2026 FALL - ALL,HNT,Hunt Hall,HNT110,W,1050,1110,09/02/2026,12/18/2026,FULL,2026-10-03
2026 FALL - ALL,HNT,Hunt Hall,HNT110,W,1125,1185,09/02/2026,12/18/2026,OPEN,2026-10-03
2026 FALL - ALL,HNT,Hunt Hall,HNT213,TR,660,735,09/02/2026,12/18/2026,FULL,2026-10-03
2026 FALL - ALL,RSU,Rondileau Student Union,RSU017E,MWF,675,725,09/02/2026,12/18/2026,FULL,2026-10-03
2026 FALL - ALL,HNT,Hunt Hall,HNT110,MWF,675,725,09/02/2026,12/18/2026,FULL,2026-10-03
2026 FALL - ALL,HNT,Hunt Hall,HNT110,MW,740,815,09/02/2026,12/18/2026,OPEN,2026-10-03
2026 FALL - ALL,RSU,Rondileau Student Union,RSU017E,TR,750,825,09/02/2026,12/18/2026,OPEN,2026-10-03
2026 FALL - ALL,HNT,Hunt Hall,HNT109,TR,570,645,09/02/2026,12/18/2026,OPEN,2026-10-03
2026 FALL - ALL,HNT,Hunt Hall,HNT213,M,610,660,09/02/2026,12/18/2026,OPEN,2026-10-03
2026 FALL - ALL,RSU,Rondileau Student Union,RSU017D,MW,830,905,09/02/2026,12/18/2026,OPEN,2026-10-03
2026 FALL - ALL,HNT,Hunt Hall,HNT109,T,1005,1165,09/02/2026,12/18/2026,OPEN,2026-10-03
2026 FALL - ALL,HNT,Hunt Hall,HNT110,M,1080,1240,09/02/2026,12/18/2026,FULL,2026-10-03
2026 FALL - ALL,HNT,Hunt Hall,HNT213,T,1005,1165,09/02/2026,12/18/2026,OPEN,2026-10-03
2026 FALL - ALL,ATC,Tinsley Center,ATC248,MW,545,595,09/02/2026,12/18/2026,FULL,2026-10-03
2026 FALL - ALL,ATC,Tinsley Center,ATC242,R,840,915,09/02/2026,12/18/2026,OPEN,2026-10-03
2026 FALL - ALL,MKC,Moakley Center,MKC130G,S,540,960,09/19/2026,12/18/2026,OPEN,2026-10-03
2026 FALL - ALL,MKC,Moakley Center,MKC130G,S,540,960,10/03/2026,12/18/2026,OPEN,2026-10-03
2026 FALL - ALL,MKC,Moakley Center,MKC130G,S,540,960,10/24/2026,12/18/2026,FULL,2026-10-03
2026 FALL - ALL,MKC,Moakley Center,MKC130G,S,540,960,11/07/2026,12/18/2026,OPEN,2026-10-03
2026 FALL - ALL,ATC,Tinsley Center,ATCCT2,TR,660,735,09/02/2026,10/21/2026,OPEN,2026-10-03
2026 FALL - ALL,ATC,Tinsley Center,ATCCT2,TR,660,735,10/22/2026,12/18/2026,OPEN,2026-10-03
2026 FALL - ALL,ATC,Tinsley Center,ATCCT2,TR,840,915,09/02/2026,10/21/2026,OPEN,2026-10-03
2026 FALL - ALL,ATC,Tinsley Center,ATCCT1,TR,660,735,10/22/2026,12/18/2026,OPEN,2026-10-03
2026 FALL - ALL,KLY,Kelly Gymnasium,KLYSG,TR,750,825,09/02/2026,10/21/2026,OPEN,2026-10-03
2026 FALL - ALL,KLY,Kelly Gymnasium,KLYSG,TR,750,825,10/22/2026,12/18/2026,OPEN,2026-10-03
2026 FALL - ALL,FLDA,FLDA,FLDAF3,MW,675,725,09/02/2026,10/21/2026,OPEN,2026-10-03
2026 FALL - ALL,KLY,Kelly Gymnasium,KLYPOL,TR,750,825,09/02/2026,10/21/2026,OPEN,2026-10-03
2026 FALL - ALL,KLY,Kelly Gymnasium,KLYLG,TR,660,735,10/22/2026,12/18/2026,OPEN,2026-10-03
2026 FALL - ALL,ATC,Tinsley Center,ATC244,S,540,960,11/14/2026,11/15/2026,OPEN,2026-10-03
2026 FALL - ALL,FLDA,FLDA,FLDAF3,TR,660,735,09/02/2026,10/21/2026,OPEN,2026-10-03
2026 FALL - ALL,FLDA,FLDA,FLDAF3,TR,750,825,09/02/2026,10/21/2026,OPEN,2026-10-03
2026 FALL - ALL,TNSC,TNSC,TNSCT1,MW,610,660,09/02/2026,10/21/2026,OPEN,2026-10-03
2026 FALL - ALL,ATC,Tinsley Center,ATCCT1,MW,740,815,09/02/2026,10/21/2026,OPEN,2026-10-03
2026 FALL - ALL,ATC,Tinsley Center,ATCCT1,MW,740,815,10/22/2026,12/18/2026,OPEN,2026-10-03
2026 FALL - ALL,KLY,Kelly Gymnasium,KLYSG,MW,830,905,10/22/2026,12/18/2026,OPEN,2026-10-03
2026 FALL - ALL,ATC,Tinsley Center,ATC241,MW,830,905,09/02/2026,12/18/2026,FULL,2026-10-03
2026 FALL - ALL,ATC,Tinsley Center,ATC241,TR,750,825,09/02/2026,12/18/2026,OPEN,2026-10-03
2026 FALL - ALL,ATC,Tinsley Center,ATC241,TR,840,915,09/02/2026,12/18/2026,OPEN,2026-10-03
2026 FALL - ALL,ATC,Tinsley Center,ATC238,MW,610,660,09/02/2026,12/18/2026,FULL,2026-10-03
2026 FALL - ALL,ATC,Tinsley Center,ATC246,T,750,825,09/02/2026,12/18/2026,OPEN,2026-10-03
2026 FALL - ALL,ATC,Tinsley Center,ATC238,W,740,815,09/02/2026,12/18/2026,OPEN,2026-10-03
2026 FALL - ALL,ATC,Tinsley Center,ATC246,M,740,815,09/02/2026,12/18/2026,OPEN,2026-10-03
2026 FALL - ALL,HRT,Hart Hall,HRT317,M,920,995,09/02/2026,12/18/2026,OPEN,2026-10-03
2026 FALL - ALL,ATC,Tinsley Center,ATC241,M,920,995,09/02/2026,12/18/2026,OPEN,2026-10-03
2026 FALL - ALL,ATC,Tinsley Center,ATC242,W,545,595,09/02/2026,12/18/2026,FULL,2026-10-03
2026 FALL - ALL,ATC,Tinsley Center,ATCCT2,TR,840,915,10/22/2026,12/18/2026,OPEN,2026-10-03
2026 FALL - ALL,KLY,Kelly Gymnasium,KLYSG,MW,830,905,09/02/2026,10/21/2026,OPEN,2026-10-03
2026 FALL - ALL,KLY,Kelly Gymnasium,KLYSG,TR,480,555,09/02/2026,10/21/2026,OPEN,2026-10-03
2026 FALL - ALL,KLY,Kelly Gymnasium,KLYLG,TR,570,645,10/22/2026,12/18/2026,FULL,2026-10-03
2026 FALL - ALL,KLY,Kelly Gymnasium,KLYSG,MW,740,815,10/22/2026,12/18/2026,FULL,2026-10-03
2026 FALL - ALL,ATC,Tinsley Center,ATCCT3,TR,660,735,10/22/2026,12/18/2026,OPEN,2026-10-03
2026 FALL - ALL,KLY,Kelly Gymnasium,KLYPOL,TR,750,825,10/22/2026,12/18/2026,OPEN,2026-10-03
2026 FALL - ALL,KLY,Kelly Gymnasium,KLYPOL,MW,740,815,10/22/2026,12/18/2026,OPEN,2026-10-03
2026 FALL - ALL,KLY,Kelly Gymnasium,KLYSG,TR,660,735,09/02/2026,10/21/2026,OPEN,2026-10-03
2026 FALL - ALL,KLY,Kelly Gymnasium,KLYLG,TR,750,825,10/22/2026,12/18/2026,OPEN,2026-10-03
2026 FALL - ALL,KLY,Kelly Gymnasium,KLYSG,TR,660,735,10/22/2026,12/18/2026,OPEN,2026-10-03
2026 FALL - ALL,KLY,Kelly Gymnasium,KLYSG,TR,840,915,09/02/2026,12/18/2026,OPEN,2026-10-03
2026 FALL - ALL,ATC,Tinsley Center,ATC244,S,540,960,10/17/2026,10/18/2026,OPEN,2026-10-03
2026 FALL - ALL,BUR,Burrill Avenue Building,BUR142,TR,480,555,09/02/2026,12/18/2026,FULL,2026-10-03
2026 FALL - ALL,KLY,Kelly Gymnasium,KLYSG,TR,570,645,09/02/2026,12/18/2026,OPEN,2026-10-03
2026 FALL - ALL,ATC,Tinsley Center,ATC248,F,480,595,09/02/2026,12/18/2026,OPEN,2026-10-03
2026 FALL - ALL,ATC,Tinsley Center,ATC242,T,570,645,09/02/2026,12/18/2026,FULL,2026-10-03
2026 FALL - ALL,ATC,Tinsley Center,ATC244,W,610,660,09/02/2026,12/18/2026,OPEN,2026-10-03
2026 FALL - ALL,ATC,Tinsley Center,ATC241,MW,675,775,09/02/2026,12/18/2026,OPEN,2026-10-03
2026 FALL - ALL,ATC,Tinsley Center,ATC244,TR,660,735,09/02/2026,12/18/2026,FULL,2026-10-03
2026 FALL - ALL,ATC,Tinsley Center,ATC238,TR,570,645,09/02/2026,12/18/2026,OPEN,2026-10-03
2026 FALL - ALL,ATC,Tinsley Center,ATC241,MW,545,645,09/02/2026,12/18/2026,OPEN,2026-10-03
2026 FALL - ALL,ATC,Tinsley Center,ATC242,MW,830,905,09/02/2026,12/18/2026,OPEN,2026-10-03
2026 FALL - ALL,ATC,Tinsley Center,ATC248,MW,740,790,09/02/2026,12/18/2026,OPEN,2026-10-03
2026 FALL - ALL,ATC,Tinsley Center,ATC242,TR,660,735,09/02/2026,12/18/2026,OPEN,2026-10-03
2026 FALL - ALL,ATC,Tinsley Center,ATC242,R,570,645,09/02/2026,12/18/2026,OPEN,2026-10-03
2026 FALL - ALL,ATC,Tinsley Center,ATC244,M,740,850,09/02/2026,12/18/2026,OPEN,2026-10-03
2026 FALL - ALL,ATC,Tinsley Center,ATC244,W,740,850,09/02/2026,12/18/2026,FULL,2026-10-03
2026 FALL - ALL,ATC,Tinsley Center,ATC244,T,750,860,09/02/2026,12/18/2026,FULL,2026-10-03
2026 FALL - ALL,ATC,Tinsley Center,ATC244,R,750,860,09/02/2026,12/18/2026,OPEN,2026-10-03
2026 FALL - ALL,ATC,Tinsley Center,ATC238,MW,480,530,09/02/2026,12/18/2026,OPEN,2026-10-03
2026 FALL - ALL,KLY,Kelly Gymnasium,KLY119,M,960,1120,09/02/2026,12/18/2026,OPEN,2026-10-03
2026 FALL - ALL,KLY,Kelly Gymnasium,KLY010,TR,660,735,09/02/2026,12/18/2026,OPEN,2026-10-03
2026 FALL - ALL,ATC,Tinsley Center,ATC241,W,1080,1230,09/02/2026,12/18/2026,OPEN,2026-10-03
2026 FALL - ALL,ATC,Tinsley Center,ATC244,T,1005,1125,09/02/2026,12/18/2026,OPEN,2026-10-03
2026 FALL - ALL,ATC,Tinsley Center,ATC241,M,960,1310,09/02/2026,12/18/2026,OPEN,2026-10-03
2026 FALL - ALL,HNT,Hunt Hall,HNT201,W,740,790,09/02/2026,12/18/2026,OPEN,2026-10-03
2026 FALL - ALL,LIB,Maxwell Library,LIB013B,MW,830,905,09/02/2026,12/18/2026,OPEN,2026-10-03
2026 FALL - ALL,BDN,Boyden Hall,BDN222,TR,840,915,09/02/2026,12/18/2026,OPEN,2026-10-03
2026 FALL - ALL,BDN,Boyden Hall,BDN220,M,830,990,09/02/2026,12/18/2026,FULL,2026-10-03
2026 FALL - ALL,LIB,Maxwell Library,LIB013,MWF,480,530,09/02/2026,12/18/2026,FULL,2026-10-03
2026 FALL - ALL,BDN,Boyden Hall,BDN222,MWF,740,790,09/02/2026,12/18/2026,OPEN,2026-10-03
2026 FALL - ALL,HNT,Hunt Hall,HNT209,MWF,675,725,09/02/2026,12/18/2026,OPEN,2026-10-03
2026 FALL - ALL,HNT,Hunt Hall,HNT101,TR,570,645,09/02/2026,12/18/2026,OPEN,2026-10-03
2026 FALL - ALL,BDN,Boyden Hall,BDN221,TR,925,1000,09/02/2026,12/18/2026,OPEN,2026-10-03
2026 FALL - ALL,LIB,Maxwell Library,LIB019,MWF,675,725,09/02/2026,12/18/2026,OPEN,2026-10-03
2026 FALL - ALL,HRG,Harrington Hall,HRG204,TR,750,825,09/02/2026,12/18/2026,FULL,2026-10-03
2026 FALL - ALL,HNT,Hunt Hall,HNT201,MWF,610,660,09/02/2026,12/18/2026,OPEN,2026-10-03
2026 FALL - ALL,HNT,Hunt Hall,HNT201,TR,570,645,09/02/2026,12/18/2026,OPEN,2026-10-03
2026 FALL - ALL,LIB,Maxwell Library,LIB205,MW,920,995,09/02/2026,12/18/2026,OPEN,2026-10-03
2026 FALL - ALL,HRG,Harrington Hall,HRG205,T,1080,1240,09/02/2026,12/18/2026,OPEN,2026-10-03
2026 FALL - ALL,HNT,Hunt Hall,HNT201,MWF,545,595,09/02/2026,12/18/2026,OPEN,2026-10-03
2026 FALL - ALL,HNT,Hunt Hall,HNT201,M,830,905,09/02/2026,12/18/2026,OPEN,2026-10-03
2026 FALL - ALL,HNT,Hunt Hall,HNT202,TR,570,645,09/02/2026,12/18/2026,FULL,2026-10-03
2026 FALL - ALL,HNT,Hunt Hall,HNT101,TR,660,735,09/02/2026,12/18/2026,OPEN,2026-10-03
2026 FALL - ALL,DMF,DMF Science & Math Center,DMF290,M,1020,1140,09/02/2026,12/18/2026,FULL,2026-10-03
2026 FALL - ALL,DMF,DMF Science & Math Center,DMF280,TR,570,645,09/02/2026,12/18/2026,OPEN,2026-10-03
2026 FALL - ALL,DMF,DMF Science & Math Center,DMF278,M,840,1000,09/02/2026,12/18/2026,OPEN,2026-10-03
2026 FALL - ALL,DMF,DMF Science & Math Center,DMF290,TR,660,735,09/02/2026,12/18/2026,OPEN,2026-10-03
2026 FALL - ALL,DMF,DMF Science & Math Center,DMF278,R,840,1000,09/02/2026,12/18/2026,OPEN,2026-10-03
2026 FALL - ALL,DMF,DMF Science & Math Center,DMF278,TR,750,825,09/02/2026,12/18/2026,OPEN,2026-10-03
2026 FALL - ALL,DMF,DMF Science & Math Center,DMF278,T,840,1000,09/02/2026,12/18/2026,OPEN,2026-10-03
2026 FALL - ALL,DMF,DMF Science & Math Center,DMF290,MW,740,815,09/02/2026,12/18/2026,OPEN,2026-10-03
2026 FALL - ALL,DMF,DMF Science & Math Center,DMF290,TR,570,645,09/02/2026,12/18/2026,OPEN,2026-10-03
2026 FALL - ALL,DMF,DMF Science & Math Center,DMF290,M,840,1000,09/02/2026,12/18/2026,OPEN,2026-10-03
2026 FALL - ALL,LIB,Maxwell Library,LIB308,TR,570,645,09/02/2026,12/18/2026,OPEN,2026-10-03
2026 FALL - ALL,DMF,DMF Science & Math Center,DMF288,TR,1170,1245,09/02/2026,12/18/2026,OPEN,2026-10-03
2026 FALL - ALL,DMF,DMF Science & Math Center,DMF288,T,840,940,09/02/2026,12/18/2026,OPEN,2026-10-03
2026 FALL - ALL,DMF,DMF Science & Math Center,DMF288,TR,1246,1305,09/02/2026,12/18/2026,OPEN,2026-10-03
2026 FALL - ALL,DMF,DMF Science & Math Center,DMF280,MW,570,645,09/02/2026,12/18/2026,FULL,2026-10-03
2026 FALL - ALL,DMF,DMF Science & Math Center,DMF280,MW,740,815,09/02/2026,12/18/2026,OPEN,2026-10-03
2026 FALL - ALL,DMF,DMF Science & Math Center,DMF280,MW,650,705,09/02/2026,12/18/2026,FULL,2026-10-03
2026 FALL - ALL,DMF,DMF Science & Math Center,DMF280,MW,820,875,09/02/2026,12/18/2026,OPEN,2026-10-03
2026 FALL - ALL,DMF,DMF Science & Math Center,DMF467,MW,830,905,09/02/2026,12/18/2026,OPEN,2026-10-03
2026 FALL - ALL,LIB,Maxwell Library,LIB204,TR,660,735,09/02/2026,12/18/2026,FULL,2026-10-03
2026 FALL - ALL,DMF,DMF Science & Math Center,DMF288,MWF,545,595,09/02/2026,12/18/2026,OPEN,2026-10-03
2026 FALL - ALL,DMF,DMF Science & Math Center,DMF288,MWF,610,660,09/02/2026,12/18/2026,FULL,2026-10-03
2026 FALL - ALL,DMF,DMF Science & Math Center,DMF259,MWF,480,530,09/02/2026,12/18/2026,OPEN,2026-10-03
2026 FALL - ALL,DMF,DMF Science & Math Center,DMF224,MW,1080,1155,09/02/2026,12/18/2026,FULL,2026-10-03
2026 FALL - ALL,DMF,DMF Science & Math Center,DMF224,TR,1080,1155,09/02/2026,12/18/2026,OPEN,2026-10-03
2026 FALL - ALL,DMF,DMF Science & Math Center,DMF442,MWF,675,725,09/02/2026,12/18/2026,FULL,2026-10-03
2026 FALL - ALL,DMF,DMF Science & Math Center,DMF224,TR,570,645,09/02/2026,12/18/2026,FULL,2026-10-03
2026 FALL - ALL,DMF,DMF Science & Math Center,DMF224,F,740,850,09/02/2026,12/18/2026,FULL,2026-10-03
2026 FALL - ALL,DMF,DMF Science & Math Center,DMF224,T,660,770,09/02/2026,12/18/2026,FULL,2026-10-03
2026 FALL - ALL,DMF,DMF Science & Math Center,DMF224,M,740,850,09/02/2026,12/18/2026,OPEN,2026-10-03
2026 FALL - ALL,DMF,DMF Science & Math Center,DMF224,W,740,850,09/02/2026,12/18/2026,FULL,2026-10-03
2026 FALL - ALL,DMF,DMF Science & Math Center,DMF224,R,750,860,09/02/2026,12/18/2026,OPEN,2026-10-03
2026 FALL - ALL,DMF,DMF Science & Math Center,DMF224,MW,1160,1215,09/02/2026,12/18/2026,FULL,2026-10-03
2026 FALL - ALL,DMF,DMF Science & Math Center,DMF224,TR,1160,1215,09/02/2026,12/18/2026,OPEN,2026-10-03
2026 FALL - ALL,DMF,DMF Science & Math Center,DMF467,MW,740,790,09/02/2026,12/18/2026,FULL,2026-10-03
2026 FALL - ALL,DMF,DMF Science & Math Center,DMF224,R,660,710,09/02/2026,12/18/2026,FULL,2026-10-03
2026 FALL - ALL,DMF,DMF Science & Math Center,DMF467,TR,750,825,09/02/2026,12/18/2026,OPEN,2026-10-03
2026 FALL - ALL,DMF,DMF Science & Math Center,DMF288,MW,1065,1140,09/02/2026,12/18/2026,OPEN,2026-10-03
2026 FALL - ALL,DMF,DMF Science & Math Center,DMF288,T,570,680,09/02/2026,12/18/2026,OPEN,2026-10-03
2026 FALL - ALL,DMF,DMF Science & Math Center,DMF288,R,570,680,09/02/2026,12/18/2026,OPEN,2026-10-03
2026 FALL - ALL,DMF,DMF Science & Math Center,DMF288,MW,1005,1055,09/02/2026,12/18/2026,OPEN,2026-10-03
2026 FALL - ALL,DMF,DMF Science & Math Center,DMF340,TR,925,1000,09/02/2026,12/18/2026,OPEN,2026-10-03
2026 FALL - ALL,DMF,DMF Science & Math Center,DMF280,T,840,1000,09/02/2026,12/18/2026,OPEN,2026-10-03
2026 FALL - ALL,DMF,DMF Science & Math Center,DMF280,TR,1005,1080,09/02/2026,12/18/2026,OPEN,2026-10-03
2026 FALL - ALL,DMF,DMF Science & Math Center,DMF280,R,840,1000,09/02/2026,12/18/2026,OPEN,2026-10-03
2026 FALL - ALL,DMF,DMF Science & Math Center,DMF280,TR,1081,1165,09/02/2026,12/18/2026,OPEN,2026-10-03
2026 FALL - ALL,DMF,DMF Science & Math Center,DMF288,MF,830,930,09/02/2026,12/18/2026,OPEN,2026-10-03
2026 FALL - ALL,DMF,DMF Science & Math Center,DMF288,W,830,930,09/02/2026,12/18/2026,OPEN,2026-10-03
2026 FALL - ALL,DMF,DMF Science & Math Center,DMF340,TR,840,915,09/02/2026,12/18/2026,FULL,2026-10-03
2026 FALL - ALL,DMF,DMF Science & Math Center,DMF222,W,945,1005,09/02/2026,12/18/2026,OPEN,2026-10-03
2026 FALL - ALL,DMF,DMF Science & Math Center,DMF242,TR,925,1000,09/02/2026,12/18/2026,OPEN,2026-10-03
2026 FALL - ALL,DMF,DMF Science & Math Center,DMF222,MW,675,725,09/02/2026,12/18/2026,FULL,2026-10-03
2026 FALL - ALL,DMF,DMF Science & Math Center,DMF222,W,830,940,09/02/2026,12/18/2026,FULL,2026-10-03
2026 FALL - ALL,DMF,DMF Science & Math Center,DMF260,MW,610,660,09/02/2026,12/18/2026,OPEN,2026-10-03
2026 FALL - ALL,DMF,DMF Science & Math Center,DMF222,F,610,720,09/02/2026,12/18/2026,OPEN,2026-10-03
2026 FALL - ALL,LIB,Maxwell Library,LIB019,MW,830,905,09/02/2026,12/18/2026,FULL,2026-10-03
2026 FALL - ALL,DMF,DMF Science & Math Center,DMF242,TR,570,645,09/02/2026,12/18/2026,OPEN,2026-10-03
2026 FALL - ALL,MKC,Moakley Center,MKC307,TR,925,1000,09/02/2026,12/18/2026,FULL,2026-10-03
2026 FALL - ALL,LIB,Maxwell Library,LIB217,TR,660,735,09/02/2026,12/18/2026,FULL,2026-10-03
2026 FALL - ALL,LIB,Maxwell Library,LIB214,TR,925,1000,09/02/2026,12/18/2026,FULL,2026-10-03
2026 FALL - ALL,LIB,Maxwell Library,LIB214,MWF,610,660,09/02/2026,12/18/2026,OPEN,2026-10-03
2026 FALL - ALL,LIB,Maxwell Library,LIB214,MWF,545,595,09/02/2026,12/18/2026,FULL,2026-10-03
2026 FALL - ALL,LIB,Maxwell Library,LIB214,TR,660,735,09/02/2026,12/18/2026,FULL,2026-10-03
2026 FALL - ALL,LIB,Maxwell Library,LIB204,TR,840,915,09/02/2026,12/18/2026,OPEN,2026-10-03
2026 FALL - ALL,LIB,Maxwell Library,LIB214,TR,570,645,09/02/2026,12/18/2026,OPEN,2026-10-03
2026 FALL - ALL,LIB,Maxwell Library,LIB204,TR,750,825,09/02/2026,12/18/2026,FULL,2026-10-03
2026 FALL - ALL,LIB,Maxwell Library,LIB308,MW,920,995,09/02/2026,12/18/2026,FULL,2026-10-03
2026 FALL - ALL,LIB,Maxwell Library,LIB217,MW,830,905,09/02/2026,12/18/2026,OPEN,2026-10-03
2026 FALL - ALL,HRT,Hart Hall,HRT214,TR,840,915,09/02/2026,12/18/2026,OPEN,2026-10-03
2026 FALL - ALL,LIB,Maxwell Library,LIB308,MW,740,815,09/02/2026,12/18/2026,OPEN,2026-10-03
2026 FALL - ALL,HRG,Harrington Hall,HRG204,MWF,675,725,09/02/2026,12/18/2026,OPEN,2026-10-03
2026 FALL - ALL,LIB,Maxwell Library,LIB214,TR,750,825,09/02/2026,12/18/2026,OPEN,2026-10-03
2026 FALL - ALL,LIB,Maxwell Library,LIB206,MWF,545,595,09/02/2026,12/18/2026,OPEN,2026-10-03
2026 FALL - ALL,LIB,Maxwell Library,LIB206,MWF,610,660,09/02/2026,12/18/2026,FULL,2026-10-03
2026 FALL - ALL,LIB,Maxwell Library,LIB206,MWF,675,725,09/02/2026,12/18/2026,OPEN,2026-10-03
2026 FALL - ALL,HRG,Harrington Hall,HRG204,MW,740,815,09/02/2026,12/18/2026,OPEN,2026-10-03
2026 FALL - ALL,LIB,Maxwell Library,LIB307,W,915,1070,09/02/2026,12/18/2026,OPEN,2026-10-03
2026 FALL - ALL,LIB,Maxwell Library,LIB204,MW,830,905,09/02/2026,12/18/2026,OPEN,2026-10-03
2026 FALL - ALL,LIB,Maxwell Library,LIB308,W,1005,1165,09/02/2026,12/18/2026,OPEN,2026-10-03
2026 FALL - ALL,LIB,Maxwell Library,LIB013A,TR,570,645,09/02/2026,12/18/2026,OPEN,2026-10-03
2026 FALL - ALL,LIB,Maxwell Library,LIB308,F,740,895,09/02/2026,12/18/2026,OPEN,2026-10-03
2026 FALL - ALL,LIB,Maxwell Library,LIB203,W,1080,1240,09/02/2026,12/18/2026,OPEN,2026-10-03
2026 FALL - ALL,LIB,Maxwell Library,LIB202,W,1080,1240,09/02/2026,12/18/2026,OPEN,2026-10-03
2026 FALL - ALL,LIB,Maxwell Library,LIB308,R,1080,1240,09/02/2026,12/18/2026,OPEN,2026-10-03
2026 FALL - ALL,LIB,Maxwell Library,LIB202,R,1080,1240,09/02/2026,12/18/2026,OPEN,2026-10-03
2026 FALL - ALL,LIB,Maxwell Library,LIB308,M,1080,1240,09/02/2026,12/18/2026,OPEN,2026-10-03
2026 FALL - ALL,LIB,Maxwell Library,LIB308,T,1080,1240,09/02/2026,12/18/2026,OPEN,2026-10-03
2026 FALL - ALL,HRT,Hart Hall,HRT313,MWF,740,790,09/02/2026,12/18/2026,OPEN,2026-10-03
2026 FALL - ALL,MKC,Moakley Center,MKC307,MW,830,905,09/02/2026,12/18/2026,FULL,2026-10-03
2026 FALL - ALL,HRT,Hart Hall,HRT314,MWF,545,595,09/02/2026,12/18/2026,FULL,2026-10-03
2026 FALL - ALL,HRT,Hart Hall,HRT317,MWF,545,595,09/02/2026,12/18/2026,FULL,2026-10-03
2026 FALL - ALL,HRT,Hart Hall,HRT314,F,740,895,09/02/2026,12/18/2026,FULL,2026-10-03
2026 FALL - ALL,HRT,Hart Hall,HRT314,MWF,675,725,09/02/2026,12/18/2026,FULL,2026-10-03
2026 FALL - ALL,HRT,Hart Hall,HRT311,TR,570,645,09/02/2026,12/18/2026,FULL,2026-10-03
2026 FALL - ALL,HRT,Hart Hall,HRT318,TR,840,915,09/02/2026,12/18/2026,FULL,2026-10-03
2026 FALL - ALL,HRT,Hart Hall,HRT317,MWF,610,660,09/02/2026,12/18/2026,FULL,2026-10-03
2026 FALL - ALL,HRT,Hart Hall,HRT116,TR,480,555,09/02/2026,12/18/2026,FULL,2026-10-03
2026 FALL - ALL,HRT,Hart Hall,HRT314,MWF,480,530,09/02/2026,12/18/2026,OPEN,2026-10-03
2026 FALL - ALL,HRT,Hart Hall,HRT311,T,480,555,09/02/2026,12/18/2026,OPEN,2026-10-03
2026 FALL - ALL,HRT,Hart Hall,HRT311,R,480,555,09/02/2026,12/18/2026,FULL,2026-10-03
2026 FALL - ALL,MKC,Moakley Center,MKC130G,M,740,815,09/02/2026,12/18/2026,OPEN,2026-10-03
2026 FALL - ALL,HRT,Hart Hall,HRT313,W,610,660,09/02/2026,12/18/2026,OPEN,2026-10-03
2026 FALL - ALL,HRT,Hart Hall,HRT317,TR,570,645,09/02/2026,12/18/2026,FULL,2026-10-03
2026 FALL - ALL,HRT,Hart Hall,HRT311,MWF,610,660,09/02/2026,12/18/2026,FULL,2026-10-03
2026 FALL - ALL,HRT,Hart Hall,HRT311,MWF,675,725,09/02/2026,12/18/2026,OPEN,2026-10-03
2026 FALL - ALL,HRT,Hart Hall,HRT317,TR,660,735,09/02/2026,12/18/2026,OPEN,2026-10-03
2026 FALL - ALL,HRT,Hart Hall,HRT312,MWF,675,725,09/02/2026,12/18/2026,FULL,2026-10-03
2026 FALL - ALL,HRT,Hart Hall,HRT311,TR,925,1000,09/02/2026,12/18/2026,OPEN,2026-10-03
2026 FALL - ALL,HRT,Hart Hall,HRT311,T,1005,1165,09/02/2026,12/18/2026,OPEN,2026-10-03
2026 FALL - ALL,HRT,Hart Hall,HRT217,TR,480,555,09/02/2026,12/18/2026,OPEN,2026-10-03
2026 FALL - ALL,HRT,Hart Hall,HRT218,TR,570,645,09/02/2026,12/18/2026,FULL,2026-10-03
2026 FALL - ALL,HRT,Hart Hall,HRT218,TR,750,825,09/02/2026,12/18/2026,FULL,2026-10-03
2026 FALL - ALL,HRT,Hart Hall,HRT318,MWF,545,595,09/02/2026,12/18/2026,OPEN,2026-10-03
2026 FALL - ALL,DMF,DMF Science & Math Center,DMF260,R,840,915,09/02/2026,12/18/2026,FULL,2026-10-03
2026 FALL - ALL,HRT,Hart Hall,HRT311,TR,660,735,09/02/2026,12/18/2026,FULL,2026-10-03
2026 FALL - ALL,HRT,Hart Hall,HRT311,TR,750,825,09/02/2026,12/18/2026,FULL,2026-10-03
2026 FALL - ALL,HRT,Hart Hall,HRT311,TR,840,915,09/02/2026,12/18/2026,FULL,2026-10-03
2026 FALL - ALL,HRT,Hart Hall,HRT311,MW,740,815,09/02/2026,12/18/2026,FULL,2026-10-03
2026 FALL - ALL,HRT,Hart Hall,HRT313,MW,675,725,09/02/2026,12/18/2026,OPEN,2026-10-03
2026 FALL - ALL,HRT,Hart Hall,HRT218,TR,480,555,09/02/2026,12/18/2026,OPEN,2026-10-03
2026 FALL - ALL,HRT,Hart Hall,HRT213,MWF,610,660,09/02/2026,12/18/2026,OPEN,2026-10-03
2026 FALL - ALL,HRT,Hart Hall,HRT213,MWF,675,725,09/02/2026,12/18/2026,OPEN,2026-10-03
2026 FALL - ALL,HRT,Hart Hall,HRT213,MW,830,905,09/02/2026,12/18/2026,FULL,2026-10-03
2026 FALL - ALL,HRT,Hart Hall,HRT312,R,570,645,09/02/2026,12/18/2026,FULL,2026-10-03
2026 FALL - ALL,HRT,Hart Hall,HRT312,T,570,645,09/02/2026,12/18/2026,OPEN,2026-10-03
2026 FALL - ALL,HRT,Hart Hall,HRT314,TR,750,825,09/02/2026,12/18/2026,OPEN,2026-10-03
2026 FALL - ALL,HRT,Hart Hall,HRT314,TR,660,735,09/02/2026,12/18/2026,OPEN,2026-10-03
2026 FALL - ALL,HRT,Hart Hall,HRT314,MW,740,815,09/02/2026,12/18/2026,FULL,2026-10-03
2026 FALL - ALL,HRT,Hart Hall,HRT212,TR,570,645,09/02/2026,12/18/2026,OPEN,2026-10-03
2026 FALL - ALL,HRT,Hart Hall,HRT317,TR,750,825,09/02/2026,12/18/2026,FULL,2026-10-03
2026 FALL - ALL,HRT,Hart Hall,HRT314,TR,840,915,09/02/2026,12/18/2026,OPEN,2026-10-03
2026 FALL - ALL,HRT,Hart Hall,HRT314,TR,925,1000,09/02/2026,12/18/2026,OPEN,2026-10-03
2026 FALL - ALL,HRT,Hart Hall,HRT311,MWF,545,595,09/02/2026,12/18/2026,OPEN,2026-10-03
2026 FALL - ALL,HRT,Hart Hall,HRT314,TR,480,555,09/02/2026,12/18/2026,OPEN,2026-10-03
2026 FALL - ALL,HRT,Hart Hall,HRT314,TR,570,645,09/02/2026,12/18/2026,OPEN,2026-10-03
2026 FALL - ALL,HRT,Hart Hall,HRT217,MWF,610,660,09/02/2026,12/18/2026,OPEN,2026-10-03
2026 FALL - ALL,HRT,Hart Hall,HRT312,T,840,915,09/02/2026,12/18/2026,FULL,2026-10-03
2026 FALL - ALL,HRT,Hart Hall,HRT312,T,925,1000,09/02/2026,12/18/2026,OPEN,2026-10-03
2026 FALL - ALL,HRT,Hart Hall,HRT311,MW,830,905,09/02/2026,12/18/2026,OPEN,2026-10-03
2026 FALL - ALL,HRT,Hart Hall,HRT312,TR,660,735,09/02/2026,12/18/2026,FULL,2026-10-03
2026 FALL - ALL,HRT,Hart Hall,HRT312,MW,740,815,09/02/2026,12/18/2026,OPEN,2026-10-03
2026 FALL - ALL,HRT,Hart Hall,HRT318,MWF,675,725,09/02/2026,12/18/2026,OPEN,2026-10-03
2026 FALL - ALL,HRT,Hart Hall,HRT313,TR,750,825,09/02/2026,12/18/2026,OPEN,2026-10-03
2026 FALL - ALL,HRT,Hart Hall,HRT314,MWF,610,660,09/02/2026,12/18/2026,OPEN,2026-10-03
2026 FALL - ALL,HRT,Hart Hall,HRT313,T,660,735,09/02/2026,12/18/2026,OPEN,2026-10-03
2026 FALL - ALL,HRT,Hart Hall,HRT217,MW,740,815,09/02/2026,12/18/2026,OPEN,2026-10-03
2026 FALL - ALL,HRT,Hart Hall,HRT213,TR,570,645,09/02/2026,12/18/2026,OPEN,2026-10-03
2026 FALL - ALL,MKC,Moakley Center,MKC318,TR,750,825,09/02/2026,12/18/2026,OPEN,2026-10-03
2026 FALL - ALL,HRT,Hart Hall,HRT211,TR,660,735,09/02/2026,12/18/2026,FULL,2026-10-03
2026 FALL - ALL,HRT,Hart Hall,HRT211,TR,750,825,09/02/2026,12/18/2026,OPEN,2026-10-03
2026 FALL - ALL,HRT,Hart Hall,HRT114,W,915,1070,09/02/2026,12/18/2026,OPEN,2026-10-03
2026 FALL - ALL,HRT,Hart Hall,HRT114,S,555,960,09/02/2026,12/18/2026,OPEN,2026-10-03
2026 FALL - ALL,HRT,Hart Hall,HRT318,W,960,1120,09/02/2026,12/18/2026,OPEN,2026-10-03
2026 FALL - ALL,HRT,Hart Hall,HRT318,M,960,1120,09/02/2026,12/18/2026,OPEN,2026-10-03
2026 FALL - ALL,HRT,Hart Hall,HRT314,M,960,1120,09/02/2026,12/18/2026,OPEN,2026-10-03
2026 FALL - ALL,HRT,Hart Hall,HRT218,T,960,1120,09/02/2026,12/18/2026,OPEN,2026-10-03
2026 FALL - ALL,HRT,Hart Hall,HRT314,W,960,1120,09/02/2026,12/18/2026,OPEN,2026-10-03
2026 FALL - ALL,HRT,Hart Hall,HRT318,R,960,1120,09/02/2026,12/18/2026,FULL,2026-10-03
2026 FALL - ALL,MKC,Moakley Center,MKC217,W,1005,1165,09/02/2026,12/18/2026,OPEN,2026-10-03
2026 FALL - ALL,HRT,Hart Hall,HRT318,MW,740,815,09/02/2026,12/18/2026,OPEN,2026-10-03
2026 FALL - ALL,HRT,Hart Hall,HRT311,W,915,1070,09/02/2026,12/18/2026,OPEN,2026-10-03
2026 FALL - ALL,HRT,Hart Hall,HRT312,T,1080,1240,09/02/2026,12/18/2026,OPEN,2026-10-03
2026 FALL - ALL,HRT,Hart Hall,HRT211,TR,925,1000,09/02/2026,12/18/2026,OPEN,2026-10-03
2026 FALL - ALL,MKC,Moakley Center,MKC130F,MW,830,905,09/02/2026,12/18/2026,FULL,2026-10-03
2026 FALL - ALL,MKC,Moakley Center,MKC130F,MW,740,815,09/02/2026,12/18/2026,FULL,2026-10-03
2026 FALL - ALL,HRT,Hart Hall,HRT116,W,675,725,09/02/2026,12/18/2026,OPEN,2026-10-03
2026 FALL - ALL,HRT,Hart Hall,HRT311,M,915,1070,09/02/2026,12/18/2026,OPEN,2026-10-03
2026 FALL - ALL,MKC,Moakley Center,MKC130G,TR,840,915,09/02/2026,12/18/2026,OPEN,2026-10-03
2026 FALL - ALL,MKC,Moakley Center,MKC135A,TR,750,825,09/02/2026,12/18/2026,OPEN,2026-10-03
2026 FALL - ALL,MKC,Moakley Center,MKC135B,T,1080,1240,09/02/2026,12/18/2026,OPEN,2026-10-03
2026 FALL - ALL,HRT,Hart Hall,HRT318,TR,570,645,09/02/2026,12/18/2026,OPEN,2026-10-03
2026 FALL - ALL,MKC,Moakley Center,MKC130G,TR,750,825,09/02/2026,12/18/2026,OPEN,2026-10-03
2026 FALL - ALL,HRT,Hart Hall,HRT218,F,740,895,09/02/2026,12/18/2026,OPEN,2026-10-03
2026 FALL - ALL,HRT,Hart Hall,HRT312,M,1080,1240,09/02/2026,12/18/2026,OPEN,2026-10-03
2026 FALL - ALL,HRT,Hart Hall,HRT317,W,830,990,09/02/2026,12/18/2026,OPEN,2026-10-03
2026 FALL - ALL,HRT,Hart Hall,HRT314,T,1080,1240,09/02/2026,12/18/2026,OPEN,2026-10-03
2026 FALL - ALL,HRT,Hart Hall,HRT317,TR,480,555,09/02/2026,12/18/2026,OPEN,2026-10-03
2026 FALL - ALL,HRT,Hart Hall,HRT313,M,1080,1240,09/02/2026,12/18/2026,OPEN,2026-10-03
2026 FALL - ALL,MKC,Moakley Center,MKC135A,TR,660,735,09/02/2026,12/18/2026,OPEN,2026-10-03
2026 FALL - ALL,MKC,Moakley Center,MKC135B,R,840,1000,09/02/2026,12/18/2026,FULL,2026-10-03
2026 FALL - ALL,HRT,Hart Hall,HRT114,M,830,990,09/02/2026,12/18/2026,OPEN,2026-10-03
2026 FALL - ALL,MKC,Moakley Center,MKC131,TR,570,645,09/02/2026,12/18/2026,OPEN,2026-10-03
2026 FALL - ALL,MKC,Moakley Center,MKC217,TR,660,735,09/02/2026,12/18/2026,FULL,2026-10-03
2026 FALL - ALL,HRT,Hart Hall,HRT317,M,1080,1240,09/02/2026,12/18/2026,OPEN,2026-10-03
2026 FALL - ALL,MKC,Moakley Center,MKC135B,T,840,1000,09/02/2026,12/18/2026,FULL,2026-10-03
2026 FALL - ALL,HRT,Hart Hall,HRT312,R,480,555,09/02/2026,12/18/2026,FULL,2026-10-03
2026 FALL - ALL,HRT,Hart Hall,HRT114,T,480,555,09/02/2026,12/18/2026,FULL,2026-10-03
2026 FALL - ALL,HRT,Hart Hall,HRT312,T,480,555,09/02/2026,12/18/2026,FULL,2026-10-03
2026 FALL - ALL,HRT,Hart Hall,HRT212,R,480,555,09/02/2026,12/18/2026,OPEN,2026-10-03
2026 FALL - ALL,HRT,Hart Hall,HRT211,R,480,555,09/02/2026,12/18/2026,FULL,2026-10-03
2026 FALL - ALL,HRT,Hart Hall,HRT115,T,480,555,09/02/2026,12/18/2026,FULL,2026-10-03
2026 FALL - ALL,LIB,Maxwell Library,LIB116,R,480,555,09/02/2026,12/18/2026,OPEN,2026-10-03
2026 FALL - ALL,HRT,Hart Hall,HRT211,M,975,1050,09/02/2026,12/18/2026,FULL,2026-10-03
2026 FALL - ALL,HRG,Harrington Hall,HRG006,T,1135,1260,09/02/2026,12/18/2026,OPEN,2026-10-03
2026 FALL - ALL,HRG,Harrington Hall,HRG206,T,1135,1260,09/02/2026,12/18/2026,OPEN,2026-10-03
2026 FALL - ALL,HRG,Harrington Hall,HRG213,T,1135,1260,09/02/2026,12/18/2026,FULL,2026-10-03
2026 FALL - ALL,MKC,Moakley Center,MKC130F,T,1135,1260,09/02/2026,12/18/2026,FULL,2026-10-03
2026 FALL - ALL,MKC,Moakley Center,MKC130G,T,1135,1260,09/02/2026,12/18/2026,OPEN,2026-10-03
2026 FALL - ALL,HRT,Hart Hall,HRT116,T,960,1120,09/02/2026,12/18/2026,FULL,2026-10-03
2026 FALL - ALL,MKC,Moakley Center,MKC130F,T,960,1120,09/02/2026,12/18/2026,FULL,2026-10-03
2026 FALL - ALL,MKC,Moakley Center,MKC130G,T,960,1120,09/02/2026,12/18/2026,FULL,2026-10-03
2026 FALL - ALL,MKC,Moakley Center,MKC217,T,960,1120,09/02/2026,12/18/2026,OPEN,2026-10-03
2026 FALL - ALL,MKC,Moakley Center,MKC131,T,960,1120,09/02/2026,12/18/2026,OPEN,2026-10-03
2026 FALL - ALL,LIB,Maxwell Library,LIB217,T,960,1120,09/02/2026,12/18/2026,FULL,2026-10-03
2026 FALL - ALL,HRG,Harrington Hall,HRG204,T,960,1120,09/02/2026,12/18/2026,OPEN,2026-10-03
2026 FALL - ALL,HRT,Hart Hall,HRT311,S,540,720,09/02/2026,12/18/2026,OPEN,2026-10-03
2026 FALL - ALL,HRT,Hart Hall,HRT218,S,540,720,09/02/2026,12/18/2026,FULL,2026-10-03
2026 FALL - ALL,HRT,Hart Hall,HRT116,R,1080,1240,09/02/2026,12/18/2026,OPEN,2026-10-03
2026 FALL - ALL,HRT,Hart Hall,HRT114,R,1080,1240,09/02/2026,12/18/2026,FULL,2026-10-03
2026 FALL - ALL,HRT,Hart Hall,HRT115,R,1080,1240,09/02/2026,12/18/2026,OPEN,2026-10-03
2026 FALL - ALL,MKC,Moakley Center,MKC217,R,1080,1240,09/02/2026,12/18/2026,OPEN,2026-10-03
2026 FALL - ALL,MKC,Moakley Center,MKC135A,R,1080,1240,09/02/2026,12/18/2026,OPEN,2026-10-03
2026 FALL - ALL,HRT,Hart Hall,HRT318,S,780,960,09/02/2026,12/18/2026,FULL,2026-10-03
2026 FALL - ALL,HRT,Hart Hall,HRT317,S,780,960,09/02/2026,12/18/2026,OPEN,2026-10-03
2026 FALL - ALL,MKC,Moakley Center,MKC130F,W,1135,1260,09/02/2026,12/18/2026,FULL,2026-10-03
2026 FALL - ALL,HRT,Hart Hall,HRT211,W,1135,1260,09/02/2026,12/18/2026,FULL,2026-10-03
2026 FALL - ALL,HRT,Hart Hall,HRT314,W,1135,1260,09/02/2026,12/18/2026,OPEN,2026-10-03
2026 FALL - ALL,HRT,Hart Hall,HRT314,S,780,960,09/02/2026,12/18/2026,FULL,2026-10-03
2026 FALL - ALL,HRT,Hart Hall,HRT317,W,1080,1240,09/02/2026,12/18/2026,FULL,2026-10-03
2026 FALL - ALL,HRT,Hart Hall,HRT312,W,1080,1240,09/02/2026,12/18/2026,FULL,2026-10-03
2026 FALL - ALL,HRT,Hart Hall,HRT311,W,1080,1240,09/02/2026,12/18/2026,OPEN,2026-10-03
2026 FALL - ALL,MKC,Moakley Center,MKC130G,W,1080,1240,09/02/2026,12/18/2026,FULL,2026-10-03
2026 FALL - ALL,MKC,Moakley Center,MKC135B,W,1080,1240,09/02/2026,12/18/2026,OPEN,2026-10-03
2026 FALL - ALL,MKC,Moakley Center,MKC318,W,1080,1240,09/02/2026,12/18/2026,OPEN,2026-10-03
2026 FALL - ALL,HRT,Hart Hall,HRT318,S,570,750,09/02/2026,12/18/2026,OPEN,2026-10-03
2026 FALL - ALL,HRT,Hart Hall,HRT317,S,570,750,09/02/2026,12/18/2026,OPEN,2026-10-03
2026 FALL - ALL,HRT,Hart Hall,HRT311,S,780,960,09/02/2026,12/18/2026,OPEN,2026-10-03
2026 FALL - ALL,HRT,Hart Hall,HRT218,S,780,960,09/02/2026,12/18/2026,FULL,2026-10-03
2026 FALL - ALL,HRT,Hart Hall,HRT212,W,960,1120,09/02/2026,12/18/2026,FULL,2026-10-03
2026 FALL - ALL,HRT,Hart Hall,HRT211,W,960,1120,09/02/2026,12/18/2026,FULL,2026-10-03
2026 FALL - ALL,HRT,Hart Hall,HRT116,W,960,1120,09/02/2026,12/18/2026,OPEN,2026-10-03
2026 FALL - ALL,MKC,Moakley Center,MKC130F,W,960,1120,09/02/2026,12/18/2026,FULL,2026-10-03
2026 FALL - ALL,MKC,Moakley Center,MKC130F,R,1080,1240,09/02/2026,12/18/2026,FULL,2026-10-03
2026 FALL - ALL,MKC,Moakley Center,MKC130G,R,1080,1240,09/02/2026,12/18/2026,FULL,2026-10-03
2026 FALL - ALL,HRT,Hart Hall,HRT313,R,1080,1240,09/02/2026,12/18/2026,FULL,2026-10-03
2026 FALL - ALL,HRT,Hart Hall,HRT311,R,1080,1240,09/02/2026,12/18/2026,FULL,2026-10-03
2026 FALL - ALL,HRT,Hart Hall,HRT218,R,1080,1240,09/02/2026,12/18/2026,FULL,2026-10-03
2026 FALL - ALL,HRT,Hart Hall,HRT117,R,1080,1240,09/02/2026,12/18/2026,FULL,2026-10-03
2026 FALL - ALL,HRT,Hart Hall,HRT314,S,570,750,09/02/2026,12/18/2026,OPEN,2026-10-03
2026 FALL - ALL,HRT,Hart Hall,HRT313,S,570,750,09/02/2026,12/18/2026,FULL,2026-10-03
2026 FALL - ALL,HRG,Harrington Hall,HRG006,T,960,1120,09/02/2026,12/18/2026,OPEN,2026-10-03
2026 FALL - ALL,HRG,Harrington Hall,HRG213,T,960,1120,09/02/2026,12/18/2026,FULL,2026-10-03
2026 FALL - ALL,HRG,Harrington Hall,HRG206,T,960,1120,09/02/2026,12/18/2026,FULL,2026-10-03
2026 FALL - ALL,HRT,Hart Hall,HRT317,S,480,555,09/02/2026,12/18/2026,FULL,2026-10-03
2026 FALL - ALL,HRT,Hart Hall,HRT314,S,480,555,09/02/2026,12/18/2026,FULL,2026-10-03
2026 FALL - ALL,HRG,Harrington Hall,HRG201,W,960,1050,09/02/2026,12/18/2026,FULL,2026-10-03
2026 FALL - ALL,LIB,Maxwell Library,LIB309,W,960,1050,09/02/2026,12/18/2026,OPEN,2026-10-03
2026 FALL - ALL,LIB,Maxwell Library,LIB217,W,960,1050,09/02/2026,12/18/2026,OPEN,2026-10-03
2026 FALL - ALL,MKC,Moakley Center,MKC130G,W,960,1050,09/02/2026,12/18/2026,FULL,2026-10-03
2026 FALL - ALL,MKC,Moakley Center,MKC318,W,960,1050,09/02/2026,12/18/2026,OPEN,2026-10-03
2026 FALL - ALL,LIB,Maxwell Library,LIB117,W,960,1050,09/02/2026,12/18/2026,FULL,2026-10-03
2026 FALL - ALL,LIB,Maxwell Library,LIB019,W,960,1050,09/02/2026,12/18/2026,OPEN,2026-10-03
2026 FALL - ALL,BDN,Boyden Hall,BDN220,W,960,1050,09/02/2026,12/18/2026,FULL,2026-10-03
2026 FALL - ALL,HRT,Hart Hall,HRT114,R,960,1050,09/02/2026,12/18/2026,FULL,2026-10-03
2026 FALL - ALL,HRT,Hart Hall,HRT313,R,960,1050,09/02/2026,12/18/2026,FULL,2026-10-03
2026 FALL - ALL,HRT,Hart Hall,HRT312,R,960,1050,09/02/2026,12/18/2026,FULL,2026-10-03
2026 FALL - ALL,HRT,Hart Hall,HRT218,R,960,1050,09/02/2026,12/18/2026,FULL,2026-10-03
2026 FALL - ALL,HRT,Hart Hall,HRT116,R,960,1050,09/02/2026,12/18/2026,FULL,2026-10-03
2026 FALL - ALL,MKC,Moakley Center,MKC130F,R,960,1050,09/02/2026,12/18/2026,FULL,2026-10-03
2026 FALL - ALL,MKC,Moakley Center,MKC135A,R,960,1050,09/02/2026,12/18/2026,FULL,2026-10-03
2026 FALL - ALL,LIB,Maxwell Library,LIB116,R,960,1050,09/02/2026,12/18/2026,FULL,2026-10-03
2026 FALL - ALL,BDN,Boyden Hall,BDN223,R,960,1050,09/02/2026,12/18/2026,FULL,2026-10-03
2026 FALL - ALL,HRT,Hart Hall,HRT313,S,480,555,09/02/2026,12/18/2026,FULL,2026-10-03
2026 FALL - ALL,HRT,Hart Hall,HRT312,S,480,555,09/02/2026,12/18/2026,FULL,2026-10-03
2026 FALL - ALL,HRT,Hart Hall,HRT211,MWF,610,660,09/02/2026,12/18/2026,FULL,2026-10-03
2026 FALL - ALL,HRT,Hart Hall,HRT317,TR,925,1000,09/02/2026,12/18/2026,OPEN,2026-10-03
2026 FALL - ALL,HRT,Hart Hall,HRT312,MWF,545,595,09/02/2026,12/18/2026,OPEN,2026-10-03
2026 FALL - ALL,HRT,Hart Hall,HRT218,MWF,675,725,09/02/2026,12/18/2026,OPEN,2026-10-03
2026 FALL - ALL,HRT,Hart Hall,HRT218,MW,740,815,09/02/2026,12/18/2026,FULL,2026-10-03
2026 FALL - ALL,HRT,Hart Hall,HRT211,TR,570,645,09/02/2026,12/18/2026,FULL,2026-10-03
2026 FALL - ALL,HRT,Hart Hall,HRT211,R,840,915,09/02/2026,12/18/2026,OPEN,2026-10-03
2026 FALL - ALL,HRG,Harrington Hall,HRG001,W,1005,1165,09/02/2026,12/18/2026,OPEN,2026-10-03
2026 FALL - ALL,HRT,Hart Hall,HRT218,MW,830,905,09/02/2026,12/18/2026,OPEN,2026-10-03
2026 FALL - ALL,HRT,Hart Hall,HRT116,MWF,740,790,09/02/2026,12/18/2026,OPEN,2026-10-03
2026 FALL - ALL,HRT,Hart Hall,HRT218,MW,920,995,09/02/2026,12/18/2026,OPEN,2026-10-03
2026 FALL - ALL,HRT,Hart Hall,HRT213,TR,660,735,09/02/2026,12/18/2026,OPEN,2026-10-03
2026 FALL - ALL,HRT,Hart Hall,HRT213,T,1005,1165,09/02/2026,12/18/2026,OPEN,2026-10-03
2026 FALL - ALL,HRT,Hart Hall,HRT312,TR,750,825,09/02/2026,12/18/2026,OPEN,2026-10-03
2026 FALL - ALL,HRT,Hart Hall,HRT115,T,840,1000,09/02/2026,12/18/2026,OPEN,2026-10-03
2026 FALL - ALL,LIB,Maxwell Library,LIB104,MWF,610,660,09/02/2026,12/18/2026,OPEN,2026-10-03
2026 FALL - ALL,HRT,Hart Hall,HRT317,MWF,675,725,09/02/2026,12/18/2026,FULL,2026-10-03
2026 FALL - ALL,HRT,Hart Hall,HRT318,TR,660,735,09/02/2026,12/18/2026,FULL,2026-10-03
2026 FALL - ALL,HRT,Hart Hall,HRT113,MWF,740,790,09/02/2026,12/18/2026,FULL,2026-10-03
2026 FALL - ALL,MKC,Moakley Center,MKC135B,MW,740,815,09/02/2026,12/18/2026,FULL,2026-10-03
2026 FALL - ALL,MKC,Moakley Center,MKC135A,TR,570,645,09/02/2026,12/18/2026,OPEN,2026-10-03
2026 FALL - ALL,HRT,Hart Hall,HRT116,MW,830,905,09/02/2026,12/18/2026,FULL,2026-10-03
2026 FALL - ALL,MKC,Moakley Center,MKC130F,TR,840,915,09/02/2026,12/18/2026,FULL,2026-10-03
2026 FALL - ALL,HRT,Hart Hall,HRT218,W,1005,1165,09/02/2026,12/18/2026,OPEN,2026-10-03
2026 FALL - ALL,HRT,Hart Hall,HRT217,T,1005,1165,09/02/2026,12/18/2026,FULL,2026-10-03
2026 FALL - ALL,HRT,Hart Hall,HRT217,W,1005,1165,09/02/2026,12/18/2026,OPEN,2026-10-03
2026 FALL - ALL,HRT,Hart Hall,HRT116,M,1005,1165,09/02/2026,12/18/2026,OPEN,2026-10-03
2026 FALL - ALL,HRT,Hart Hall,HRT116,M,1005,1165,09/02/2026,12/18/2026,FULL,2026-10-03
2026 FALL - ALL,MKC,Moakley Center,MKC131,W,1005,1085,09/02/2026,12/18/2026,OPEN,2026-10-03
2026 FALL - ALL,MKC,Moakley Center,MKC131,W,1095,1175,09/02/2026,12/18/2026,OPEN,2026-10-03
2026 FALL - ALL,HRT,Hart Hall,HRT212,T,1005,1165,09/02/2026,12/18/2026,OPEN,2026-10-03
2026 FALL - ALL,HRT,Hart Hall,HRT211,R,1005,1165,09/02/2026,12/18/2026,OPEN,2026-10-03
2026 FALL - ALL,MKC,Moakley Center,MKC135A,W,1005,1165,09/02/2026,12/18/2026,OPEN,2026-10-03
2026 FALL - ALL,HRT,Hart Hall,HRT211,T,1005,1165,09/02/2026,12/18/2026,OPEN,2026-10-03
2026 FALL - ALL,HRT,Hart Hall,HRT218,M,1005,1165,09/02/2026,12/18/2026,OPEN,2026-10-03
2026 FALL - ALL,LIB,Maxwell Library,LIB019,M,920,995,09/02/2026,12/18/2026,OPEN,2026-10-03
2026 FALL - ALL,DMF,DMF Science & Math Center,DMF463,W,830,905,09/02/2026,12/18/2026,FULL,2026-10-03
2026 FALL - ALL,HNT,Hunt Hall,HNT010,R,840,1000,09/02/2026,12/18/2026,OPEN,2026-10-03
2026 FALL - ALL,HRT,Hart Hall,HRT318,TR,750,825,09/02/2026,12/18/2026,OPEN,2026-10-03
2026 FALL - ALL,HRT,Hart Hall,HRT218,T,840,915,09/02/2026,12/18/2026,OPEN,2026-10-03
2026 FALL - ALL,HRT,Hart Hall,HRT312,R,840,915,09/02/2026,12/18/2026,OPEN,2026-10-03
2026 FALL - ALL,HRT,Hart Hall,HRT115,T,1005,1165,09/02/2026,12/18/2026,OPEN,2026-10-03
2026 FALL - ALL,HRT,Hart Hall,HRT115,T,1005,1165,09/02/2026,12/18/2026,OPEN,2026-10-03
2026 FALL - ALL,MKC,Moakley Center,MKC309,T,960,1120,09/02/2026,12/18/2026,OPEN,2026-10-03
2026 FALL - ALL,HRT,Hart Hall,HRT317,R,1005,1165,09/02/2026,12/18/2026,OPEN,2026-10-03
2026 FALL - ALL,LIB,Maxwell Library,LIB013,MWF,610,660,09/02/2026,12/18/2026,OPEN,2026-10-03
2026 FALL - ALL,LIB,Maxwell Library,LIB013,MWF,545,595,09/02/2026,12/18/2026,OPEN,2026-10-03
2026 FALL - ALL,HNT,Hunt Hall,HNT101,TR,840,915,09/02/2026,12/18/2026,OPEN,2026-10-03
2026 FALL - ALL,RSU,Rondileau Student Union,RSU026B,MWF,545,595,09/02/2026,12/18/2026,OPEN,2026-10-03
2026 FALL - ALL,RSU,Rondileau Student Union,RSU026B,MWF,610,660,09/02/2026,12/18/2026,OPEN,2026-10-03
2026 FALL - ALL,RSU,Rondileau Student Union,RSU026B,MWF,675,725,09/02/2026,12/18/2026,OPEN,2026-10-03
2026 FALL - ALL,RSU,Rondileau Student Union,RSU026B,TR,660,735,09/02/2026,12/18/2026,FULL,2026-10-03
2026 FALL - ALL,RSU,Rondileau Student Union,RSU120,TR,570,645,09/02/2026,12/18/2026,FULL,2026-10-03
2026 FALL - ALL,RSU,Rondileau Student Union,RSU026B,TR,480,555,09/02/2026,12/18/2026,OPEN,2026-10-03
2026 FALL - ALL,RSU,Rondileau Student Union,RSU026C,TR,570,645,09/02/2026,12/18/2026,FULL,2026-10-03
2026 FALL - ALL,RSU,Rondileau Student Union,RSU026C,MWF,545,595,09/02/2026,12/18/2026,FULL,2026-10-03
2026 FALL - ALL,RSU,Rondileau Student Union,RSU026C,MWF,740,790,09/02/2026,12/18/2026,FULL,2026-10-03
2026 FALL - ALL,RSU,Rondileau Student Union,RSU026B,MW,830,905,09/02/2026,12/18/2026,OPEN,2026-10-03
2026 FALL - ALL,RSU,Rondileau Student Union,RSU026C,TR,925,1000,09/02/2026,12/18/2026,OPEN,2026-10-03
2026 FALL - ALL,RSU,Rondileau Student Union,RSU026C,TR,750,825,09/02/2026,12/18/2026,FULL,2026-10-03
2026 FALL - ALL,RSU,Rondileau Student Union,RSU026C,TR,840,915,09/02/2026,12/18/2026,FULL,2026-10-03
2026 FALL - ALL,LIB,Maxwell Library,LIB019,TR,750,825,09/02/2026,12/18/2026,OPEN,2026-10-03
2026 FALL - ALL,RSU,Rondileau Student Union,RSU026B,TR,840,915,09/02/2026,12/18/2026,OPEN,2026-10-03
2026 FALL - ALL,RSU,Rondileau Student Union,RSU026C,MW,610,685,09/02/2026,12/18/2026,OPEN,2026-10-03
2026 FALL - ALL,RSU,Rondileau Student Union,RSU026B,MW,740,815,09/02/2026,12/18/2026,FULL,2026-10-03
2026 FALL - ALL,RSU,Rondileau Student Union,RSU026B,TR,570,645,09/02/2026,12/18/2026,OPEN,2026-10-03
2026 FALL - ALL,RSU,Rondileau Student Union,RSU026C,MW,830,905,09/02/2026,12/18/2026,OPEN,2026-10-03
2026 FALL - ALL,RSU,Rondileau Student Union,RSU120,TR,660,735,09/02/2026,12/18/2026,OPEN,2026-10-03
2026 FALL - ALL,RSU,Rondileau Student Union,RSU026B,TR,925,1100,09/02/2026,12/18/2026,OPEN,2026-10-03
2026 FALL - ALL,RSU,Rondileau Student Union,RSU026B,F,740,895,09/02/2026,12/18/2026,OPEN,2026-10-03
2026 FALL - ALL,RSU,Rondileau Student Union,RSU026C,TR,660,735,09/02/2026,12/18/2026,OPEN,2026-10-03
2026 FALL - ALL,RSU,Rondileau Student Union,RSU026B,TR,750,825,09/02/2026,12/18/2026,OPEN,2026-10-03
2026 FALL - ALL,RSU,Rondileau Student Union,RSU120,MW,740,815,09/02/2026,12/18/2026,OPEN,2026-10-03
2026 FALL - ALL,LIB,Maxwell Library,LIB019,MWF,480,530,09/02/2026,12/18/2026,OPEN,2026-10-03
